rm,time
,2021-11-18T00:00:43.495+00:00
,2021-11-18T00:04:43.445+00:00
,2021-11-18T00:08:43.606+00:00
1633.0,2021-11-18T00:12:43.491+00:00
1619.8,2021-11-18T00:16:43.469+00:00
1606.5,2021-11-18T00:20:43.468+00:00
1602.7,2021-11-18T00:24:43.395+00:00
1613.9,2021-11-18T00:28:43.405+00:00
1621.3,2021-11-18T00:32:43.672+00:00
1625.7,2021-11-18T00:36:43.513+00:00
1606.4,2021-11-18T00:40:43.38+00:00
1610.3,2021-11-18T00:44:43.479+00:00
1613.8,2021-11-18T00:48:43.456+00:00
1609.5,2021-11-18T00:52:43.494+00:00
1596.7,2021-11-18T00:56:43.376+00:00
1587.8,2021-11-18T01:00:43.381+00:00
1606.1,2021-11-18T01:04:43.488+00:00
1602.6,2021-11-18T01:08:43.384+00:00
1589.0,2021-11-18T01:12:43.583+00:00
1580.5,2021-11-18T01:16:43.374+00:00
1585.6,2021-11-18T01:20:43.39+00:00
1601.0,2021-11-18T01:24:43.375+00:00
1597.4,2021-11-18T01:28:43.449+00:00
1609.9,2021-11-18T01:32:43.457+00:00
1617.4,2021-11-18T01:36:43.42+00:00
1605.0,2021-11-18T01:40:43.385+00:00
1591.7,2021-11-18T01:44:43.391+00:00
1592.3,2021-11-18T01:48:43.498+00:00
1597.9,2021-11-18T01:52:43.384+00:00
1613.1,2021-11-18T01:56:43.467+00:00
1614.8,2021-11-18T02:00:43.377+00:00
1609.3,2021-11-18T02:04:43.373+00:00
1601.9,2021-11-18T02:08:43.447+00:00
1592.4,2021-11-18T02:12:43.432+00:00
1600.9,2021-11-18T02:16:43.366+00:00
1586.9,2021-11-18T02:20:43.399+00:00
1572.2,2021-11-18T02:24:43.568+00:00
1591.7,2021-11-18T02:28:43.456+00:00
1588.5,2021-11-18T02:32:43.401+00:00
1574.8,2021-11-18T02:36:43.444+00:00
1565.2,2021-11-18T02:40:43.483+00:00
1576.9,2021-11-18T02:44:43.481+00:00
1591.0,2021-11-18T02:48:43.396+00:00
1603.9,2021-11-18T02:52:43.386+00:00
1589.3,2021-11-18T02:56:43.502+00:00
1601.3,2021-11-18T03:00:43.378+00:00
1590.9,2021-11-18T03:04:43.44+00:00
1588.0,2021-11-18T03:08:43.484+00:00
1570.9,2021-11-18T03:12:43.403+00:00
1569.9,2021-11-18T03:16:43.505+00:00
1592.7,2021-11-18T03:20:43.387+00:00
1607.6,2021-11-18T03:24:43.404+00:00
1607.3,2021-11-18T03:28:43.476+00:00
1617.8,2021-11-18T03:32:43.471+00:00
1625.7,2021-11-18T03:36:43.485+00:00
1627.3,2021-11-18T03:40:43.451+00:00
1632.7,2021-11-18T03:44:43.392+00:00
1637.0,2021-11-18T03:48:43.393+00:00
1626.0,2021-11-18T03:52:43.494+00:00
1626.4,2021-11-18T03:56:43.397+00:00
1625.0,2021-11-18T04:00:43.404+00:00
1632.2,2021-11-18T04:04:43.398+00:00
1631.7,2021-11-18T04:08:43.493+00:00
1637.3,2021-11-18T04:12:43.493+00:00
1647.3,2021-11-18T04:16:43.374+00:00
1644.6,2021-11-18T04:20:43.411+00:00
1639.5,2021-11-18T04:24:43.407+00:00
1645.7,2021-11-18T04:28:43.462+00:00
1657.3,2021-11-18T04:32:43.51+00:00
1662.6,2021-11-18T04:36:43.496+00:00
1659.5,2021-11-18T04:40:43.381+00:00
1669.0,2021-11-18T04:44:43.506+00:00
1676.6,2021-11-18T04:48:43.471+00:00
1656.3,2021-11-18T04:52:43.364+00:00
1641.4,2021-11-18T04:56:43.49+00:00
1641.9,2021-11-18T05:00:43.391+00:00
1650.1,2021-11-18T05:04:43.384+00:00
1692.3,2021-11-18T05:08:43.499+00:00
1709.8,2021-11-18T05:12:43.458+00:00
1697.5,2021-11-18T05:16:43.377+00:00
1676.3,2021-11-18T05:20:43.398+00:00
1667.4,2021-11-18T05:24:43.385+00:00
1674.7,2021-11-18T05:28:43.573+00:00
1668.0,2021-11-18T05:32:43.405+00:00
1674.0,2021-11-18T05:36:43.395+00:00
1679.4,2021-11-18T05:40:43.468+00:00
1683.1,2021-11-18T05:44:43.46+00:00
1678.4,2021-11-18T05:48:43.524+00:00
1675.4,2021-11-18T05:52:43.395+00:00
1667.2,2021-11-18T05:56:43.459+00:00
1664.4,2021-11-18T06:00:43.472+00:00
1661.7,2021-11-18T06:04:43.376+00:00
1652.1,2021-11-18T06:08:43.479+00:00
1650.5,2021-11-18T06:12:43.507+00:00
1651.8,2021-11-18T06:16:43.387+00:00
1663.9,2021-11-18T06:20:43.384+00:00
1671.5,2021-11-18T06:24:43.6+00:00
1673.6,2021-11-18T06:28:43.49+00:00
1682.3,2021-11-18T06:32:43.501+00:00
1682.6,2021-11-18T06:36:43.392+00:00
1675.3,2021-11-18T06:40:43.506+00:00
1650.6,2021-11-18T06:44:43.467+00:00
1635.8,2021-11-18T06:48:43.554+00:00
1648.5,2021-11-18T06:52:43.511+00:00
1650.6,2021-11-18T06:56:43.47+00:00
1675.0,2021-11-18T07:00:43.474+00:00
1678.3,2021-11-18T07:04:43.425+00:00
1673.1,2021-11-18T07:08:43.498+00:00
1677.5,2021-11-18T07:12:43.595+00:00
1671.5,2021-11-18T07:16:43.58+00:00
1673.2,2021-11-18T07:20:43.512+00:00
1677.8,2021-11-18T07:24:43.395+00:00
1671.4,2021-11-18T07:28:43.462+00:00
1660.0,2021-11-18T07:32:43.452+00:00
1659.4,2021-11-18T07:36:43.504+00:00
1672.2,2021-11-18T07:40:43.573+00:00
1672.1,2021-11-18T07:44:43.485+00:00
1687.9,2021-11-18T07:48:43.529+00:00
1680.8,2021-11-18T07:52:43.405+00:00
1675.0,2021-11-18T07:56:43.504+00:00
1670.6,2021-11-18T08:00:43.395+00:00
1674.0,2021-11-18T08:04:43.499+00:00
1673.0,2021-11-18T08:08:43.502+00:00
1666.6,2021-11-18T08:12:43.494+00:00
1715.3,2021-11-18T08:16:43.503+00:00
1768.9,2021-11-18T08:20:43.584+00:00
1716.7,2021-11-18T08:24:43.503+00:00
1685.2,2021-11-18T08:28:43.565+00:00
1693.9,2021-11-18T08:32:43.435+00:00
1688.3,2021-11-18T08:36:43.518+00:00
1678.1,2021-11-18T08:40:43.612+00:00
1678.7,2021-11-18T08:44:43.798+00:00
1654.7,2021-11-18T08:48:43.513+00:00
1656.8,2021-11-18T08:52:43.463+00:00
1717.5,2021-11-18T08:56:43.516+00:00
1846.3,2021-11-18T09:00:43.652+00:00
1759.8,2021-11-18T09:04:43.486+00:00
1658.6,2021-11-18T09:08:43.575+00:00
1688.8,2021-11-18T09:12:43.519+00:00
1675.3,2021-11-18T09:16:43.571+00:00
1657.5,2021-11-18T09:20:43.505+00:00
1643.3,2021-11-18T09:24:43.614+00:00
1657.4,2021-11-18T09:28:43.456+00:00
1662.4,2021-11-18T09:32:43.495+00:00
1652.7,2021-11-18T09:36:43.61+00:00
1650.4,2021-11-18T09:40:43.508+00:00
1655.2,2021-11-18T09:44:43.486+00:00
1666.4,2021-11-18T09:48:43.538+00:00
1672.6,2021-11-18T09:52:43.556+00:00
1666.1,2021-11-18T09:56:43.543+00:00
1677.5,2021-11-18T10:00:43.472+00:00
1674.1,2021-11-18T10:04:43.469+00:00
1666.0,2021-11-18T10:08:43.495+00:00
1645.7,2021-11-18T10:12:43.516+00:00
1662.6,2021-11-18T10:16:43.392+00:00
1657.2,2021-11-18T10:20:43.507+00:00
1673.3,2021-11-18T10:24:43.472+00:00
1681.2,2021-11-18T10:28:43.502+00:00
1673.7,2021-11-18T10:32:43.569+00:00
1671.7,2021-11-18T10:36:43.475+00:00
1661.7,2021-11-18T10:40:43.47+00:00
1665.0,2021-11-18T10:44:43.498+00:00
1651.7,2021-11-18T10:48:43.489+00:00
1659.7,2021-11-18T10:52:43.487+00:00
1670.6,2021-11-18T10:56:43.618+00:00
1670.2,2021-11-18T11:00:43.8+00:00
1671.8,2021-11-18T11:04:43.481+00:00
1668.4,2021-11-18T11:08:43.604+00:00
1679.2,2021-11-18T11:12:43.453+00:00
1671.9,2021-11-18T11:16:43.511+00:00
1674.6,2021-11-18T11:20:43.507+00:00
1678.1,2021-11-18T11:24:43.561+00:00
1676.9,2021-11-18T11:28:43.491+00:00
1671.1,2021-11-18T11:32:43.412+00:00
1668.0,2021-11-18T11:36:43.577+00:00
1676.4,2021-11-18T11:40:43.629+00:00
1671.4,2021-11-18T11:44:43.511+00:00
1675.3,2021-11-18T11:48:43.491+00:00
1672.8,2021-11-18T11:52:43.503+00:00
1684.5,2021-11-18T11:56:43.45+00:00
1688.3,2021-11-18T12:00:43.577+00:00
1673.7,2021-11-18T12:04:43.382+00:00
1671.8,2021-11-18T12:08:43.522+00:00
1688.6,2021-11-18T12:12:43.611+00:00
1666.0,2021-11-18T12:16:43.478+00:00
1667.1,2021-11-18T12:20:43.564+00:00
1670.9,2021-11-18T12:24:43.556+00:00
1672.8,2021-11-18T12:28:43.549+00:00
1676.5,2021-11-18T12:32:43.582+00:00
1671.3,2021-11-18T12:36:43.427+00:00
1682.2,2021-11-18T12:40:43.489+00:00
1687.2,2021-11-18T12:44:43.409+00:00
1671.9,2021-11-18T12:48:43.671+00:00
1669.0,2021-11-18T12:52:43.576+00:00
1654.9,2021-11-18T12:56:43.569+00:00
1658.4,2021-11-18T13:00:43.58+00:00
1652.3,2021-11-18T13:04:43.483+00:00
1661.2,2021-11-18T13:08:43.476+00:00
1674.0,2021-11-18T13:12:43.734+00:00
1671.0,2021-11-18T13:16:43.495+00:00
1660.2,2021-11-18T13:20:43.489+00:00
1660.9,2021-11-18T13:24:43.502+00:00
1652.8,2021-11-18T13:28:43.454+00:00
1662.4,2021-11-18T13:32:43.476+00:00
1659.6,2021-11-18T13:36:43.678+00:00
1661.1,2021-11-18T13:40:43.511+00:00
1655.3,2021-11-18T13:44:43.501+00:00
1658.8,2021-11-18T13:48:43.527+00:00
1667.7,2021-11-18T13:52:43.522+00:00
1671.1,2021-11-18T13:56:43.562+00:00
1668.7,2021-11-18T14:00:43.598+00:00
1645.7,2021-11-18T14:04:43.431+00:00
1671.7,2021-11-18T14:08:43.521+00:00
1684.0,2021-11-18T14:12:43.462+00:00
1683.8,2021-11-18T14:16:43.539+00:00
1665.2,2021-11-18T14:20:43.527+00:00
1656.7,2021-11-18T14:24:43.555+00:00
1665.4,2021-11-18T14:28:43.509+00:00
1692.6,2021-11-18T14:32:43.438+00:00
1680.2,2021-11-18T14:36:43.582+00:00
1678.5,2021-11-18T14:40:43.497+00:00
1682.7,2021-11-18T14:44:43.478+00:00
1684.1,2021-11-18T14:48:43.519+00:00
1676.8,2021-11-18T14:52:43.514+00:00
1677.6,2021-11-18T14:56:43.393+00:00
1683.0,2021-11-18T15:00:43.596+00:00
1699.5,2021-11-18T15:04:43.493+00:00
1678.2,2021-11-18T15:08:43.576+00:00
1669.6,2021-11-18T15:12:43.653+00:00
1673.2,2021-11-18T15:16:43.465+00:00
1683.7,2021-11-18T15:20:43.607+00:00
1672.8,2021-11-18T15:24:44.195+00:00
1678.3,2021-11-18T15:28:43.483+00:00
1674.6,2021-11-18T15:32:43.659+00:00
1672.1,2021-11-18T15:36:43.623+00:00
1651.8,2021-11-18T15:40:43.479+00:00
1652.2,2021-11-18T15:44:43.46+00:00
1662.2,2021-11-18T15:48:43.569+00:00
1662.5,2021-11-18T15:52:43.482+00:00
1656.4,2021-11-18T15:56:43.422+00:00
1653.6,2021-11-18T16:00:43.686+00:00
1661.5,2021-11-18T16:04:43.524+00:00
1672.3,2021-11-18T16:08:43.714+00:00
1673.8,2021-11-18T16:12:43.505+00:00
1680.9,2021-11-18T16:16:43.504+00:00
1681.9,2021-11-18T16:20:43.613+00:00
1676.4,2021-11-18T16:24:43.651+00:00
1683.1,2021-11-18T16:28:43.519+00:00
1683.2,2021-11-18T16:32:43.524+00:00
1678.3,2021-11-18T16:36:43.503+00:00
1704.9,2021-11-18T16:40:43.467+00:00
1704.5,2021-11-18T16:44:43.398+00:00
1691.0,2021-11-18T16:48:43.488+00:00
1694.4,2021-11-18T16:52:44.087+00:00
1687.4,2021-11-18T16:56:43.518+00:00
1670.1,2021-11-18T17:00:43.757+00:00
1667.4,2021-11-18T17:04:43.496+00:00
1675.6,2021-11-18T17:08:43.522+00:00
1657.3,2021-11-18T17:12:43.596+00:00
1650.2,2021-11-18T17:16:43.49+00:00
1666.0,2021-11-18T17:20:43.536+00:00
1662.8,2021-11-18T17:24:43.661+00:00
1663.4,2021-11-18T17:28:43.557+00:00
1657.6,2021-11-18T17:32:43.454+00:00
1653.9,2021-11-18T17:36:43.604+00:00
1666.5,2021-11-18T17:40:43.549+00:00
1663.9,2021-11-18T17:44:43.508+00:00
1655.9,2021-11-18T17:48:43.857+00:00
1651.3,2021-11-18T17:52:43.523+00:00
1653.1,2021-11-18T17:56:43.626+00:00
1656.4,2021-11-18T18:00:43.517+00:00
1640.1,2021-11-18T18:04:43.596+00:00
1647.2,2021-11-18T18:08:43.549+00:00
1646.4,2021-11-18T18:12:43.506+00:00
1647.4,2021-11-18T18:16:43.411+00:00
1642.3,2021-11-18T18:20:43.525+00:00
1646.2,2021-11-18T18:24:43.518+00:00
1640.4,2021-11-18T18:28:43.498+00:00
1641.0,2021-11-18T18:32:43.584+00:00
1645.2,2021-11-18T18:36:43.585+00:00
1646.7,2021-11-18T18:40:43.533+00:00
1651.2,2021-11-18T18:44:43.506+00:00
1643.5,2021-11-18T18:48:43.519+00:00
1647.6,2021-11-18T18:52:43.517+00:00
1654.3,2021-11-18T18:56:43.738+00:00
1654.9,2021-11-18T19:00:43.476+00:00
1681.1,2021-11-18T19:04:43.518+00:00
1669.4,2021-11-18T19:08:43.598+00:00
1661.2,2021-11-18T19:12:43.957+00:00
1626.1,2021-11-18T19:16:43.529+00:00
1631.9,2021-11-18T19:20:43.516+00:00
1639.2,2021-11-18T19:24:43.575+00:00
1653.8,2021-11-18T19:28:43.49+00:00
1660.3,2021-11-18T19:32:43.623+00:00
1653.6,2021-11-18T19:36:43.532+00:00
1645.8,2021-11-18T19:40:43.662+00:00
1646.5,2021-11-18T19:44:43.494+00:00
1649.4,2021-11-18T19:48:43.525+00:00
1650.2,2021-11-18T19:52:43.638+00:00
1643.9,2021-11-18T19:56:43.52+00:00
1641.2,2021-11-18T20:00:43.514+00:00
1638.7,2021-11-18T20:04:43.48+00:00
1646.5,2021-11-18T20:08:43.61+00:00
1642.7,2021-11-18T20:12:43.573+00:00
1642.7,2021-11-18T20:16:44.109+00:00
1644.6,2021-11-18T20:20:43.507+00:00
1643.7,2021-11-18T20:24:43.546+00:00
1647.4,2021-11-18T20:28:43.531+00:00
1647.8,2021-11-18T20:32:43.601+00:00
1660.5,2021-11-18T20:36:43.485+00:00
1652.3,2021-11-18T20:40:43.524+00:00
1635.2,2021-11-18T20:44:43.579+00:00
1625.4,2021-11-18T20:48:43.571+00:00
1632.0,2021-11-18T20:52:43.565+00:00
1645.3,2021-11-18T20:56:43.493+00:00
1648.2,2021-11-18T21:00:43.505+00:00
1645.9,2021-11-18T21:04:43.499+00:00
1644.5,2021-11-18T21:08:43.51+00:00
1643.7,2021-11-18T21:12:43.481+00:00
1642.0,2021-11-18T21:16:43.542+00:00
1640.2,2021-11-18T21:20:43.49+00:00
1641.2,2021-11-18T21:24:43.532+00:00
1649.1,2021-11-18T21:28:43.497+00:00
1656.8,2021-11-18T21:32:43.484+00:00
1653.3,2021-11-18T21:36:43.477+00:00
1642.7,2021-11-18T21:40:43.522+00:00
1637.5,2021-11-18T21:44:43.496+00:00
1645.8,2021-11-18T21:48:43.552+00:00
1653.4,2021-11-18T21:52:43.457+00:00
1657.1,2021-11-18T21:56:43.485+00:00
1652.0,2021-11-18T22:00:43.51+00:00
1658.6,2021-11-18T22:04:43.516+00:00
1649.7,2021-11-18T22:08:43.498+00:00
1647.1,2021-11-18T22:12:43.494+00:00
1648.9,2021-11-18T22:16:43.639+00:00
1658.1,2021-11-18T22:20:43.636+00:00
1653.5,2021-11-18T22:24:43.484+00:00
1639.2,2021-11-18T22:28:43.433+00:00
1656.6,2021-11-18T22:32:43.476+00:00
1661.5,2021-11-18T22:36:43.47+00:00
1648.6,2021-11-18T22:40:43.489+00:00
1645.6,2021-11-18T22:44:43.606+00:00
1645.3,2021-11-18T22:48:43.478+00:00
1646.9,2021-11-18T22:52:43.446+00:00
1642.4,2021-11-18T22:56:43.499+00:00
1640.7,2021-11-18T23:00:43.588+00:00
1629.0,2021-11-18T23:04:43.465+00:00
1643.7,2021-11-18T23:08:43.487+00:00
1651.1,2021-11-18T23:12:43.476+00:00
1652.5,2021-11-18T23:16:43.575+00:00
1646.3,2021-11-18T23:20:43.469+00:00
1646.5,2021-11-18T23:24:43.464+00:00
1638.2,2021-11-18T23:28:43.472+00:00
1646.1,2021-11-18T23:32:43.466+00:00
1648.2,2021-11-18T23:36:43.487+00:00
1652.9,2021-11-18T23:40:43.462+00:00
1646.1,2021-11-18T23:44:43.462+00:00
1649.7,2021-11-18T23:48:43.567+00:00
1649.6,2021-11-18T23:52:43.528+00:00
1638.8,2021-11-18T23:56:43.499+00:00
1628.1,2021-11-19T00:00:43.443+00:00
1637.0,2021-11-19T00:04:43.456+00:00
1627.7,2021-11-19T00:08:43.582+00:00
1627.3,2021-11-19T00:12:43.491+00:00
1632.7,2021-11-19T00:16:43.501+00:00
1643.6,2021-11-19T00:20:43.383+00:00
1644.2,2021-11-19T00:24:43.481+00:00
1635.2,2021-11-19T00:28:43.503+00:00
1633.1,2021-11-19T00:32:43.509+00:00
1624.7,2021-11-19T00:36:43.505+00:00
1629.7,2021-11-19T00:40:43.483+00:00
1636.0,2021-11-19T00:44:43.465+00:00
1626.7,2021-11-19T00:48:43.572+00:00
1619.2,2021-11-19T00:52:43.488+00:00
1622.1,2021-11-19T00:56:43.475+00:00
1630.9,2021-11-19T01:00:43.49+00:00
1624.8,2021-11-19T01:04:43.559+00:00
1615.4,2021-11-19T01:08:43.489+00:00
1620.6,2021-11-19T01:12:43.473+00:00
1629.8,2021-11-19T01:16:43.469+00:00
1624.1,2021-11-19T01:20:43.486+00:00
1618.3,2021-11-19T01:24:43.582+00:00
1613.9,2021-11-19T01:28:43.453+00:00
1611.0,2021-11-19T01:32:43.56+00:00
1616.7,2021-11-19T01:36:43.474+00:00
1605.7,2021-11-19T01:40:43.474+00:00
1601.1,2021-11-19T01:44:43.475+00:00
1611.3,2021-11-19T01:48:43.49+00:00
1599.1,2021-11-19T01:52:43.478+00:00
1606.5,2021-11-19T01:56:43.457+00:00
1621.6,2021-11-19T02:00:43.58+00:00
1624.0,2021-11-19T02:04:43.52+00:00
1620.6,2021-11-19T02:08:43.495+00:00
1628.2,2021-11-19T02:12:43.439+00:00
1635.3,2021-11-19T02:16:43.495+00:00
1631.8,2021-11-19T02:20:43.565+00:00
1615.1,2021-11-19T02:24:43.583+00:00
1604.2,2021-11-19T02:28:43.471+00:00
1617.6,2021-11-19T02:32:43.477+00:00
1624.1,2021-11-19T02:36:43.53+00:00
1611.7,2021-11-19T02:40:43.533+00:00
1599.0,2021-11-19T02:44:43.475+00:00
1594.4,2021-11-19T02:48:43.477+00:00
1596.0,2021-11-19T02:52:43.444+00:00
1594.9,2021-11-19T02:56:43.556+00:00
1603.8,2021-11-19T03:00:43.533+00:00
1611.8,2021-11-19T03:04:43.473+00:00
1602.0,2021-11-19T03:08:43.493+00:00
1607.7,2021-11-19T03:12:44.269+00:00
1615.1,2021-11-19T03:16:43.531+00:00
1619.6,2021-11-19T03:20:43.455+00:00
1610.3,2021-11-19T03:24:43.522+00:00
1606.7,2021-11-19T03:28:43.602+00:00
1612.0,2021-11-19T03:32:43.498+00:00
1625.7,2021-11-19T03:36:43.484+00:00
1629.4,2021-11-19T03:40:43.466+00:00
1618.0,2021-11-19T03:44:43.609+00:00
1615.0,2021-11-19T03:48:43.466+00:00
1624.1,2021-11-19T03:52:43.476+00:00
1643.8,2021-11-19T03:56:43.465+00:00
1644.9,2021-11-19T04:00:43.568+00:00
1659.6,2021-11-19T04:04:43.482+00:00
1658.0,2021-11-19T04:08:43.565+00:00
1658.5,2021-11-19T04:12:43.486+00:00
1656.7,2021-11-19T04:16:43.488+00:00
1653.8,2021-11-19T04:20:43.466+00:00
1649.7,2021-11-19T04:24:43.482+00:00
1644.8,2021-11-19T04:28:43.551+00:00
1629.7,2021-11-19T04:32:43.49+00:00
1621.6,2021-11-19T04:36:43.554+00:00
1634.9,2021-11-19T04:40:43.494+00:00
1649.3,2021-11-19T04:44:43.569+00:00
1652.9,2021-11-19T04:48:43.487+00:00
1663.1,2021-11-19T04:52:43.515+00:00
1664.4,2021-11-19T04:56:43.507+00:00
1671.6,2021-11-19T05:00:43.496+00:00
1678.8,2021-11-19T05:04:43.481+00:00
1679.8,2021-11-19T05:08:43.57+00:00
1661.0,2021-11-19T05:12:43.481+00:00
1649.2,2021-11-19T05:16:43.5+00:00
1650.7,2021-11-19T05:20:43.49+00:00
1653.4,2021-11-19T05:24:43.557+00:00
1657.6,2021-11-19T05:28:43.569+00:00
1656.7,2021-11-19T05:32:43.484+00:00
1658.4,2021-11-19T05:36:43.506+00:00
1652.8,2021-11-19T05:40:43.474+00:00
1641.9,2021-11-19T05:44:43.484+00:00
1655.8,2021-11-19T05:48:43.609+00:00
1758.2,2021-11-19T05:52:43.501+00:00
1786.4,2021-11-19T05:56:43.503+00:00
1726.8,2021-11-19T06:00:43.474+00:00
1659.9,2021-11-19T06:04:43.539+00:00
1665.4,2021-11-19T06:08:43.629+00:00
1662.7,2021-11-19T06:12:43.491+00:00
1667.2,2021-11-19T06:16:43.577+00:00
1668.6,2021-11-19T06:20:43.572+00:00
1672.1,2021-11-19T06:24:43.485+00:00
1664.2,2021-11-19T06:28:43.497+00:00
1670.9,2021-11-19T06:32:43.599+00:00
1669.8,2021-11-19T06:36:43.514+00:00
1664.1,2021-11-19T06:40:43.471+00:00
1667.0,2021-11-19T06:44:43.565+00:00
1655.6,2021-11-19T06:48:43.578+00:00
1654.6,2021-11-19T06:52:43.584+00:00
1660.5,2021-11-19T06:56:43.651+00:00
1663.7,2021-11-19T07:00:43.548+00:00
1654.1,2021-11-19T07:04:43.558+00:00
1654.0,2021-11-19T07:08:43.565+00:00
1670.8,2021-11-19T07:12:43.565+00:00
1670.2,2021-11-19T07:16:43.555+00:00
1660.1,2021-11-19T07:20:43.627+00:00
1653.6,2021-11-19T07:24:43.525+00:00
1591.6,2021-11-19T07:28:43.568+00:00
1645.7,2021-11-19T07:32:43.514+00:00
1742.3,2021-11-19T07:36:43.607+00:00
1800.0,2021-11-19T07:40:43.492+00:00
1794.1,2021-11-19T07:44:43.496+00:00
1790.8,2021-11-19T07:48:43.58+00:00
1713.8,2021-11-19T07:52:43.545+00:00
1652.2,2021-11-19T07:56:43.587+00:00
1640.4,2021-11-19T08:00:43.574+00:00
1663.5,2021-11-19T08:04:44.283+00:00
1671.0,2021-11-19T08:08:43.592+00:00
1668.4,2021-11-19T08:12:43.483+00:00
1665.8,2021-11-19T08:16:43.534+00:00
1673.8,2021-11-19T08:20:43.618+00:00
1676.3,2021-11-19T08:24:43.5+00:00
1680.5,2021-11-19T08:28:43.687+00:00
1683.3,2021-11-19T08:32:43.542+00:00
1683.7,2021-11-19T08:36:43.575+00:00
1688.2,2021-11-19T08:40:43.673+00:00
1670.4,2021-11-19T08:44:43.655+00:00
1650.1,2021-11-19T08:48:43.51+00:00
1656.8,2021-11-19T08:52:43.489+00:00
1660.8,2021-11-19T08:56:43.871+00:00
1668.8,2021-11-19T09:00:43.489+00:00
1681.9,2021-11-19T09:04:43.495+00:00
1682.9,2021-11-19T09:08:43.503+00:00
1667.7,2021-11-19T09:12:43.482+00:00
1674.5,2021-11-19T09:16:43.579+00:00
1681.0,2021-11-19T09:20:43.514+00:00
1675.3,2021-11-19T09:24:43.574+00:00
1671.1,2021-11-19T09:28:43.624+00:00
1672.4,2021-11-19T09:32:43.501+00:00
1670.7,2021-11-19T09:36:43.501+00:00
1661.5,2021-11-19T09:40:43.574+00:00
1655.7,2021-11-19T09:44:43.632+00:00
1645.3,2021-11-19T09:48:43.588+00:00
1641.1,2021-11-19T09:52:43.547+00:00
1641.4,2021-11-19T09:56:43.592+00:00
1666.0,2021-11-19T10:00:43.592+00:00
1667.0,2021-11-19T10:04:43.628+00:00
1667.2,2021-11-19T10:08:43.658+00:00
1661.5,2021-11-19T10:12:43.612+00:00
1678.6,2021-11-19T10:16:43.561+00:00
1663.8,2021-11-19T10:20:43.645+00:00
1656.8,2021-11-19T10:24:43.565+00:00
1667.2,2021-11-19T10:28:43.591+00:00
1679.5,2021-11-19T10:32:43.749+00:00
1662.2,2021-11-19T10:36:43.664+00:00
1645.3,2021-11-19T10:40:43.637+00:00
1652.5,2021-11-19T10:44:43.812+00:00
1656.5,2021-11-19T10:48:43.634+00:00
1668.4,2021-11-19T10:52:43.655+00:00
1669.4,2021-11-19T10:56:43.703+00:00
1666.2,2021-11-19T11:00:43.682+00:00
1652.5,2021-11-19T11:04:43.601+00:00
1668.7,2021-11-19T11:08:43.628+00:00
1667.4,2021-11-19T11:12:43.542+00:00
1667.5,2021-11-19T11:16:43.59+00:00
1662.4,2021-11-19T11:20:43.598+00:00
1681.4,2021-11-19T11:24:43.673+00:00
1686.0,2021-11-19T11:28:43.619+00:00
1671.4,2021-11-19T11:32:43.692+00:00
1661.2,2021-11-19T11:36:43.592+00:00
1662.2,2021-11-19T11:40:43.723+00:00
1672.9,2021-11-19T11:44:43.589+00:00
1670.2,2021-11-19T11:48:43.587+00:00
1663.7,2021-11-19T11:52:43.671+00:00
1676.9,2021-11-19T11:56:43.578+00:00
1673.8,2021-11-19T12:00:43.619+00:00
1675.1,2021-11-19T12:04:43.592+00:00
1679.4,2021-11-19T12:08:43.642+00:00
1677.3,2021-11-19T12:12:43.6+00:00
1667.6,2021-11-19T12:16:43.668+00:00
1657.2,2021-11-19T12:20:43.615+00:00
1669.9,2021-11-19T12:24:43.661+00:00
1681.0,2021-11-19T12:28:43.699+00:00
1686.7,2021-11-19T12:32:43.776+00:00
1690.9,2021-11-19T12:36:43.584+00:00
1678.3,2021-11-19T12:40:43.691+00:00
1679.2,2021-11-19T12:44:43.711+00:00
1681.8,2021-11-19T12:48:43.78+00:00
1682.1,2021-11-19T12:52:43.687+00:00
1669.5,2021-11-19T12:56:43.595+00:00
1672.0,2021-11-19T13:00:43.558+00:00
1668.1,2021-11-19T13:04:43.622+00:00
1665.4,2021-11-19T13:08:43.718+00:00
1673.9,2021-11-19T13:12:43.696+00:00
1665.3,2021-11-19T13:16:43.623+00:00
1675.6,2021-11-19T13:20:43.715+00:00
1667.1,2021-11-19T13:24:43.723+00:00
1667.8,2021-11-19T13:28:43.719+00:00
1659.8,2021-11-19T13:32:43.69+00:00
1663.2,2021-11-19T13:36:43.671+00:00
1658.8,2021-11-19T13:40:43.74+00:00
1668.4,2021-11-19T13:44:44.593+00:00
1683.0,2021-11-19T13:48:43.776+00:00
1696.5,2021-11-19T13:52:43.723+00:00
1696.4,2021-11-19T13:56:43.814+00:00
1692.4,2021-11-19T14:00:43.735+00:00
1677.9,2021-11-19T14:04:43.708+00:00
1673.8,2021-11-19T14:08:43.73+00:00
1665.3,2021-11-19T14:12:43.702+00:00
1664.5,2021-11-19T14:16:43.686+00:00
1627.0,2021-11-19T14:20:43.731+00:00
1639.1,2021-11-19T14:24:43.708+00:00
1660.5,2021-11-19T14:28:43.873+00:00
1670.7,2021-11-19T14:32:43.776+00:00
1660.7,2021-11-19T14:36:43.766+00:00
1658.6,2021-11-19T14:40:43.682+00:00
1658.5,2021-11-19T14:44:43.611+00:00
1671.8,2021-11-19T14:48:43.817+00:00
1670.9,2021-11-19T14:52:43.783+00:00
1671.7,2021-11-19T14:56:43.891+00:00
1668.3,2021-11-19T15:00:43.801+00:00
1652.3,2021-11-19T15:04:43.794+00:00
1660.8,2021-11-19T15:08:43.677+00:00
1669.9,2021-11-19T15:12:43.749+00:00
1676.4,2021-11-19T15:16:43.786+00:00
1671.7,2021-11-19T15:20:43.617+00:00
1660.3,2021-11-19T15:24:43.652+00:00
1659.6,2021-11-19T15:28:43.578+00:00
1661.1,2021-11-19T15:32:43.652+00:00
1660.2,2021-11-19T15:36:43.554+00:00
1666.7,2021-11-19T15:40:43.772+00:00
1680.2,2021-11-19T15:44:43.646+00:00
1675.2,2021-11-19T15:48:43.735+00:00
1662.6,2021-11-19T15:52:43.518+00:00
1654.7,2021-11-19T15:56:43.742+00:00
1652.4,2021-11-19T16:00:43.636+00:00
1653.9,2021-11-19T16:04:43.838+00:00
1657.4,2021-11-19T16:08:43.761+00:00
1595.6,2021-11-19T18:21:07.12+00:00
1518.1,2021-11-19T18:21:14.37+00:00
1559.0,2021-11-19T18:21:20.305+00:00
1656.2,2021-11-19T18:21:30.392+00:00
1728.7,2021-11-19T18:21:39.995+00:00
1649.2,2021-11-19T18:21:51.91+00:00
1604.1,2021-11-19T18:22:00.162+00:00
1699.6,2021-11-19T18:22:10.116+00:00
1716.6,2021-11-19T18:22:19.076+00:00
1674.6,2021-11-19T18:22:25.593+00:00
1650.6,2021-11-19T18:22:34.798+00:00
1607.7,2021-11-19T18:23:43.562+00:00
1609.5,2021-11-19T18:27:43.605+00:00
1630.7,2021-11-19T18:31:43.706+00:00
1664.7,2021-11-19T18:35:43.613+00:00
1662.5,2021-11-19T18:39:43.583+00:00
1663.1,2021-11-19T18:43:43.591+00:00
1670.9,2021-11-19T18:47:43.611+00:00
1661.1,2021-11-19T18:51:43.596+00:00
1653.0,2021-11-19T18:55:43.668+00:00
1657.8,2021-11-19T18:59:43.614+00:00
1672.5,2021-11-19T19:03:43.648+00:00
1680.8,2021-11-19T19:07:43.644+00:00
1675.6,2021-11-19T19:11:43.656+00:00
1656.1,2021-11-19T19:15:43.6+00:00
1646.7,2021-11-19T19:19:43.651+00:00
1655.8,2021-11-19T19:23:43.671+00:00
1677.0,2021-11-19T19:27:43.621+00:00
1682.8,2021-11-19T19:31:43.59+00:00
1660.1,2021-11-19T19:35:43.595+00:00
1646.9,2021-11-19T19:39:45.9+00:00
1630.8,2021-11-19T19:43:43.589+00:00
1620.9,2021-11-19T19:47:43.71+00:00
1622.9,2021-11-19T19:51:43.64+00:00
1650.2,2021-11-19T19:55:43.579+00:00
1657.5,2021-11-19T19:59:43.634+00:00
1668.6,2021-11-19T20:03:43.607+00:00
1662.4,2021-11-19T20:07:43.737+00:00
1656.3,2021-11-19T20:11:43.578+00:00
1665.0,2021-11-19T20:15:43.664+00:00
1663.7,2021-11-19T20:19:43.64+00:00
1650.7,2021-11-19T20:23:43.607+00:00
1659.1,2021-11-19T20:27:43.734+00:00
1662.7,2021-11-19T20:31:43.552+00:00
1661.7,2021-11-19T20:35:43.639+00:00
1656.9,2021-11-19T20:39:43.579+00:00
1655.3,2021-11-19T20:43:43.668+00:00
1656.1,2021-11-19T20:47:43.523+00:00
1663.7,2021-11-19T20:51:43.527+00:00
1666.6,2021-11-19T20:55:43.909+00:00
1664.6,2021-11-19T20:59:43.632+00:00
1653.6,2021-11-19T21:03:43.633+00:00
1652.7,2021-11-19T21:07:43.623+00:00
1650.4,2021-11-19T21:11:43.523+00:00
1656.9,2021-11-19T21:15:43.505+00:00
1655.2,2021-11-19T21:19:43.538+00:00
1653.5,2021-11-19T21:23:43.612+00:00
1654.7,2021-11-19T21:27:43.514+00:00
1647.4,2021-11-19T21:31:43.627+00:00
1664.2,2021-11-19T21:35:43.543+00:00
1676.1,2021-11-19T21:39:43.539+00:00
1663.9,2021-11-19T21:43:43.586+00:00
1653.7,2021-11-19T21:47:43.56+00:00
1646.3,2021-11-19T21:51:43.602+00:00
1638.3,2021-11-19T21:55:43.513+00:00
1642.4,2021-11-19T21:59:43.701+00:00
1643.4,2021-11-19T22:03:43.637+00:00
1650.3,2021-11-19T22:07:43.512+00:00
1642.2,2021-11-19T22:11:43.505+00:00
1638.8,2021-11-19T22:15:43.572+00:00
1642.4,2021-11-19T22:19:43.554+00:00
1637.9,2021-11-19T22:23:43.578+00:00
1642.7,2021-11-19T22:27:43.579+00:00
1640.7,2021-11-19T22:31:43.577+00:00
1635.5,2021-11-19T22:35:43.575+00:00
1630.6,2021-11-19T22:39:43.495+00:00
1642.5,2021-11-19T22:43:43.59+00:00
1646.0,2021-11-19T22:47:43.489+00:00
1643.3,2021-11-19T22:51:43.579+00:00
1641.4,2021-11-19T22:55:43.506+00:00
1645.5,2021-11-19T22:59:43.528+00:00
1649.6,2021-11-19T23:03:43.657+00:00
1663.2,2021-11-19T23:07:43.525+00:00
1659.5,2021-11-19T23:11:43.481+00:00
1647.0,2021-11-19T23:15:43.501+00:00
1637.3,2021-11-19T23:19:43.473+00:00
1645.5,2021-11-19T23:23:43.582+00:00
1645.1,2021-11-19T23:27:43.502+00:00
1656.7,2021-11-19T23:31:43.557+00:00
1657.0,2021-11-19T23:35:43.587+00:00
1628.5,2021-11-19T23:39:43.487+00:00
1599.8,2021-11-19T23:43:43.481+00:00
1613.7,2021-11-19T23:47:43.486+00:00
1635.1,2021-11-19T23:51:43.663+00:00
1643.1,2021-11-19T23:55:43.488+00:00
1650.6,2021-11-19T23:59:43.505+00:00
1647.1,2021-11-20T00:03:43.596+00:00
1640.4,2021-11-20T00:07:43.498+00:00
1639.6,2021-11-20T00:11:43.47+00:00
1644.3,2021-11-20T00:15:43.554+00:00
1652.3,2021-11-20T00:19:43.507+00:00
1661.8,2021-11-20T00:23:43.488+00:00
1645.8,2021-11-20T00:27:43.554+00:00
1624.4,2021-11-20T00:31:43.503+00:00
1619.0,2021-11-20T00:35:43.48+00:00
1633.9,2021-11-20T00:39:43.554+00:00
1635.5,2021-11-20T00:43:43.59+00:00
1645.0,2021-11-20T00:47:43.515+00:00
1647.3,2021-11-20T00:51:43.575+00:00
1638.8,2021-11-20T00:55:43.471+00:00
1643.4,2021-11-20T00:59:43.477+00:00
1636.6,2021-11-20T01:03:43.44+00:00
1640.4,2021-11-20T01:07:43.494+00:00
1636.9,2021-11-20T01:11:43.476+00:00
1640.1,2021-11-20T01:15:43.499+00:00
1638.1,2021-11-20T01:19:43.495+00:00
1635.0,2021-11-20T01:23:43.475+00:00
1638.4,2021-11-20T01:27:43.495+00:00
1640.5,2021-11-20T01:31:43.532+00:00
1637.1,2021-11-20T01:35:43.471+00:00
1650.1,2021-11-20T01:39:43.493+00:00
1660.4,2021-11-20T01:43:43.49+00:00
1663.8,2021-11-20T01:47:43.484+00:00
1664.0,2021-11-20T01:51:43.639+00:00
1660.3,2021-11-20T01:55:43.485+00:00
1650.7,2021-11-20T01:59:43.495+00:00
1644.4,2021-11-20T02:03:43.605+00:00
1649.0,2021-11-20T02:07:43.498+00:00
1648.0,2021-11-20T02:11:43.482+00:00
1652.5,2021-11-20T02:15:43.713+00:00
1654.9,2021-11-20T02:19:43.491+00:00
1658.2,2021-11-20T02:23:43.543+00:00
1643.8,2021-11-20T02:27:43.593+00:00
1638.8,2021-11-20T02:31:43.486+00:00
1653.2,2021-11-20T02:35:43.479+00:00
1658.6,2021-11-20T02:39:43.495+00:00
1650.6,2021-11-20T02:43:43.457+00:00
1651.2,2021-11-20T02:47:43.48+00:00
1654.1,2021-11-20T02:51:43.441+00:00
1641.3,2021-11-20T02:55:43.514+00:00
1640.2,2021-11-20T02:59:43.487+00:00
1636.7,2021-11-20T03:03:43.605+00:00
1638.8,2021-11-20T03:07:43.504+00:00
1645.8,2021-11-20T03:11:43.5+00:00
1647.5,2021-11-20T03:15:43.49+00:00
1649.0,2021-11-20T03:19:43.479+00:00
1633.7,2021-11-20T03:23:43.514+00:00
1617.8,2021-11-20T03:27:43.595+00:00
1623.1,2021-11-20T03:31:43.571+00:00
1628.2,2021-11-20T03:35:43.494+00:00
1642.1,2021-11-20T03:39:43.494+00:00
1644.6,2021-11-20T03:43:43.479+00:00
1651.9,2021-11-20T03:47:43.454+00:00
1643.5,2021-11-20T03:51:43.603+00:00
1636.2,2021-11-20T03:55:43.503+00:00
1632.3,2021-11-20T03:59:43.585+00:00
1644.8,2021-11-20T04:03:43.49+00:00
1642.0,2021-11-20T04:07:43.611+00:00
1643.0,2021-11-20T04:11:43.467+00:00
1636.5,2021-11-20T04:15:43.496+00:00
1629.2,2021-11-20T04:19:43.522+00:00
1614.6,2021-11-20T04:23:43.478+00:00
1620.6,2021-11-20T04:27:43.39+00:00
1635.2,2021-11-20T04:31:43.522+00:00
1646.9,2021-11-20T04:35:43.496+00:00
1651.5,2021-11-20T04:39:43.555+00:00
1648.4,2021-11-20T04:43:43.51+00:00
1644.1,2021-11-20T04:47:43.466+00:00
1636.1,2021-11-20T04:51:43.555+00:00
1641.7,2021-11-20T04:55:43.58+00:00
1643.3,2021-11-20T04:59:43.493+00:00
1638.5,2021-11-20T05:03:43.457+00:00
1639.5,2021-11-20T05:07:43.55+00:00
1637.9,2021-11-20T05:11:43.5+00:00
1628.9,2021-11-20T05:15:43.602+00:00
1632.7,2021-11-20T05:19:43.508+00:00
1651.3,2021-11-20T05:23:43.509+00:00
1654.7,2021-11-20T05:27:43.621+00:00
1640.6,2021-11-20T05:31:43.499+00:00
1651.3,2021-11-20T05:35:43.474+00:00
1653.4,2021-11-20T05:39:43.457+00:00
1658.0,2021-11-20T05:43:43.496+00:00
1642.4,2021-11-20T05:47:43.481+00:00
1646.5,2021-11-20T05:51:43.586+00:00
1645.8,2021-11-20T05:55:43.501+00:00
1640.8,2021-11-20T05:59:43.488+00:00
1643.9,2021-11-20T06:03:43.681+00:00
1649.6,2021-11-20T06:07:43.501+00:00
1649.6,2021-11-20T06:11:43.502+00:00
1645.8,2021-11-20T06:15:43.478+00:00
1635.4,2021-11-20T06:19:43.58+00:00
1647.0,2021-11-20T06:23:43.511+00:00
1658.7,2021-11-20T06:27:43.489+00:00
1667.3,2021-11-20T06:31:43.451+00:00
1659.0,2021-11-20T06:35:43.548+00:00
1657.2,2021-11-20T06:39:43.504+00:00
1649.4,2021-11-20T06:43:43.524+00:00
1644.4,2021-11-20T06:47:43.519+00:00
1646.8,2021-11-20T06:51:43.468+00:00
1651.4,2021-11-20T06:55:43.551+00:00
1660.6,2021-11-20T06:59:43.496+00:00
1650.5,2021-11-20T07:03:43.548+00:00
1648.8,2021-11-20T07:07:43.486+00:00
1657.9,2021-11-20T07:11:45.782+00:00
1661.6,2021-11-20T07:15:43.478+00:00
1665.7,2021-11-20T07:19:43.49+00:00
1658.8,2021-11-20T07:23:43.5+00:00
1656.9,2021-11-20T07:27:43.465+00:00
1644.1,2021-11-20T07:31:43.512+00:00
1643.5,2021-11-20T07:35:43.483+00:00
1647.6,2021-11-20T07:39:43.528+00:00
1651.2,2021-11-20T07:43:43.517+00:00
1649.1,2021-11-20T07:47:43.579+00:00
1655.3,2021-11-20T07:51:43.51+00:00
1647.1,2021-11-20T07:55:43.496+00:00
1648.8,2021-11-20T07:59:43.516+00:00
1653.1,2021-11-20T08:03:43.495+00:00
1662.9,2021-11-20T08:07:43.502+00:00
1670.5,2021-11-20T08:11:43.486+00:00
1668.2,2021-11-20T08:15:43.509+00:00
1658.8,2021-11-20T08:19:43.64+00:00
1660.3,2021-11-20T08:23:43.589+00:00
1663.6,2021-11-20T08:27:43.525+00:00
1668.1,2021-11-20T08:31:43.5+00:00
1664.7,2021-11-20T08:35:43.627+00:00
1650.2,2021-11-20T08:39:43.623+00:00
1664.0,2021-11-20T08:43:43.514+00:00
1668.1,2021-11-20T08:47:43.498+00:00
1662.0,2021-11-20T08:51:43.486+00:00
1648.2,2021-11-20T08:55:43.497+00:00
1651.3,2021-11-20T08:59:43.492+00:00
1664.3,2021-11-20T09:03:43.497+00:00
1656.2,2021-11-20T09:07:43.591+00:00
1652.8,2021-11-20T09:11:43.491+00:00
1658.5,2021-11-20T09:15:43.492+00:00
1678.0,2021-11-20T09:19:43.504+00:00
1672.1,2021-11-20T09:23:43.512+00:00
1662.4,2021-11-20T09:27:43.609+00:00
1654.1,2021-11-20T09:31:43.52+00:00
1651.8,2021-11-20T09:35:43.576+00:00
1656.2,2021-11-20T09:39:43.59+00:00
1649.7,2021-11-20T09:43:43.491+00:00
1658.9,2021-11-20T09:47:43.53+00:00
1670.9,2021-11-20T09:51:43.492+00:00
1664.7,2021-11-20T09:55:43.53+00:00
1675.9,2021-11-20T09:59:43.481+00:00
1672.4,2021-11-20T10:03:43.52+00:00
1660.6,2021-11-20T10:07:43.497+00:00
1659.6,2021-11-20T10:11:43.523+00:00
1660.7,2021-11-20T10:15:43.606+00:00
1656.4,2021-11-20T10:19:43.564+00:00
1619.7,2021-11-20T10:23:43.497+00:00
1627.5,2021-11-20T10:27:43.519+00:00
1633.8,2021-11-20T10:31:43.576+00:00
1650.9,2021-11-20T10:35:43.579+00:00
1639.2,2021-11-20T10:39:43.506+00:00
1654.9,2021-11-20T10:43:43.535+00:00
1656.2,2021-11-20T10:47:43.507+00:00
1680.2,2021-11-20T10:51:43.543+00:00
1673.5,2021-11-20T10:55:43.508+00:00
1670.3,2021-11-20T10:59:43.582+00:00
1657.0,2021-11-20T11:03:43.501+00:00
1662.7,2021-11-20T11:07:43.593+00:00
1657.1,2021-11-20T11:11:43.533+00:00
1652.2,2021-11-20T11:15:43.554+00:00
1650.0,2021-11-20T11:19:43.47+00:00
1662.1,2021-11-20T11:23:43.483+00:00
1657.5,2021-11-20T11:27:43.523+00:00
1654.3,2021-11-20T11:31:43.502+00:00
1658.6,2021-11-20T11:35:43.594+00:00
1673.2,2021-11-20T11:39:43.569+00:00
1668.3,2021-11-20T11:43:43.517+00:00
1672.6,2021-11-20T11:47:43.565+00:00
1675.8,2021-11-20T11:51:43.541+00:00
1679.7,2021-11-20T11:55:43.519+00:00
1675.7,2021-11-20T11:59:43.487+00:00
1671.5,2021-11-20T12:03:43.494+00:00
1675.5,2021-11-20T12:07:43.607+00:00
1664.5,2021-11-20T12:11:43.513+00:00
1665.0,2021-11-20T12:15:43.485+00:00
1666.5,2021-11-20T12:19:43.618+00:00
1666.5,2021-11-20T12:23:43.513+00:00
1664.6,2021-11-20T12:27:43.525+00:00
1666.9,2021-11-20T12:31:43.528+00:00
1675.2,2021-11-20T12:35:43.572+00:00
1668.8,2021-11-20T12:39:43.597+00:00
1681.9,2021-11-20T12:43:43.524+00:00
1684.1,2021-11-20T12:47:43.621+00:00
1674.8,2021-11-20T12:51:43.5+00:00
1676.0,2021-11-20T12:55:43.497+00:00
1669.4,2021-11-20T12:59:43.556+00:00
1655.7,2021-11-20T13:03:43.517+00:00
1661.3,2021-11-20T13:07:43.57+00:00
1668.9,2021-11-20T13:11:43.547+00:00
1670.1,2021-11-20T13:15:43.482+00:00
1670.3,2021-11-20T13:19:43.499+00:00
1663.1,2021-11-20T13:23:43.547+00:00
1668.5,2021-11-20T13:27:43.544+00:00
1666.6,2021-11-20T13:31:43.496+00:00
1649.6,2021-11-20T13:35:43.51+00:00
1658.1,2021-11-20T13:39:43.624+00:00
1660.4,2021-11-20T13:43:43.531+00:00
1670.2,2021-11-20T13:47:43.644+00:00
1672.4,2021-11-20T13:51:43.742+00:00
1674.3,2021-11-20T13:55:43.58+00:00
1672.8,2021-11-20T13:59:43.584+00:00
1673.2,2021-11-20T14:03:43.531+00:00
1668.3,2021-11-20T14:07:43.527+00:00
1677.0,2021-11-20T14:11:43.572+00:00
1664.0,2021-11-20T14:15:43.6+00:00
1668.7,2021-11-20T14:19:43.579+00:00
1677.4,2021-11-20T14:23:43.494+00:00
1683.8,2021-11-20T14:27:43.507+00:00
1680.4,2021-11-20T14:31:43.497+00:00
1676.1,2021-11-20T14:35:43.592+00:00
1671.1,2021-11-20T14:39:43.581+00:00
1663.8,2021-11-20T14:43:43.498+00:00
1675.8,2021-11-20T14:47:43.62+00:00
1684.4,2021-11-20T14:51:43.539+00:00
1685.6,2021-11-20T14:55:43.608+00:00
1676.6,2021-11-20T14:59:43.54+00:00
1675.1,2021-11-20T15:03:43.672+00:00
1664.0,2021-11-20T15:07:43.523+00:00
1671.0,2021-11-20T15:11:43.526+00:00
1676.8,2021-11-20T15:15:43.549+00:00
1677.6,2021-11-20T15:19:43.525+00:00
1691.7,2021-11-20T15:23:43.499+00:00
1679.5,2021-11-20T15:27:43.513+00:00
1674.3,2021-11-20T15:31:43.662+00:00
1666.1,2021-11-20T15:35:43.548+00:00
1673.7,2021-11-20T15:39:43.51+00:00
1679.3,2021-11-20T15:43:43.752+00:00
1694.4,2021-11-20T15:47:43.58+00:00
1701.9,2021-11-20T15:51:43.579+00:00
1691.4,2021-11-20T15:55:43.474+00:00
1670.1,2021-11-20T15:59:43.506+00:00
1671.6,2021-11-20T16:03:43.568+00:00
1672.9,2021-11-20T16:07:43.533+00:00
1675.5,2021-11-20T16:11:43.516+00:00
1680.1,2021-11-20T16:15:43.68+00:00
1675.5,2021-11-20T16:19:43.515+00:00
1673.4,2021-11-20T16:23:43.576+00:00
1674.6,2021-11-20T16:27:43.496+00:00
1666.1,2021-11-20T16:31:43.515+00:00
1665.8,2021-11-20T16:35:43.587+00:00
1658.5,2021-11-20T16:39:43.611+00:00
1648.6,2021-11-20T16:43:43.598+00:00
1669.1,2021-11-20T16:47:43.54+00:00
1669.0,2021-11-20T16:51:43.687+00:00
1679.2,2021-11-20T16:55:43.633+00:00
1661.6,2021-11-20T16:59:43.534+00:00
1662.7,2021-11-20T17:03:43.51+00:00
1674.1,2021-11-20T17:07:43.663+00:00
1676.7,2021-11-20T17:11:43.551+00:00
1671.9,2021-11-20T17:15:43.531+00:00
1665.3,2021-11-20T17:19:43.589+00:00
1665.4,2021-11-20T17:23:43.628+00:00
1674.7,2021-11-20T17:27:43.548+00:00
1676.5,2021-11-20T17:31:43.513+00:00
1664.2,2021-11-20T17:35:43.615+00:00
1654.0,2021-11-20T17:39:43.511+00:00
1662.4,2021-11-20T17:43:43.483+00:00
1672.5,2021-11-20T17:47:43.581+00:00
1667.6,2021-11-20T17:51:43.604+00:00
1669.6,2021-11-20T17:55:43.573+00:00
1668.6,2021-11-20T17:59:43.586+00:00
1668.3,2021-11-20T18:03:43.489+00:00
1673.6,2021-11-20T18:07:43.519+00:00
1677.6,2021-11-20T18:11:43.563+00:00
1674.0,2021-11-20T18:15:43.537+00:00
1679.9,2021-11-20T18:19:43.59+00:00
1663.2,2021-11-20T18:23:43.542+00:00
1660.4,2021-11-20T18:27:43.51+00:00
1661.6,2021-11-20T18:31:43.501+00:00
1655.7,2021-11-20T18:35:43.556+00:00
1649.7,2021-11-20T18:39:43.516+00:00
1648.0,2021-11-20T18:43:43.65+00:00
1653.7,2021-11-20T18:47:43.532+00:00
1649.9,2021-11-20T18:51:43.586+00:00
1650.5,2021-11-20T18:55:43.532+00:00
1656.0,2021-11-20T18:59:43.719+00:00
1655.4,2021-11-20T19:03:43.548+00:00
1657.9,2021-11-20T19:07:43.504+00:00
1649.7,2021-11-20T19:11:43.58+00:00
1648.4,2021-11-20T19:15:43.585+00:00
1650.1,2021-11-20T19:19:43.521+00:00
1668.6,2021-11-20T19:23:43.593+00:00
1662.2,2021-11-20T19:27:43.524+00:00
1657.7,2021-11-20T19:31:43.412+00:00
1654.9,2021-11-20T19:35:43.633+00:00
1657.3,2021-11-20T19:39:43.535+00:00
1655.9,2021-11-20T19:43:43.514+00:00
1651.8,2021-11-20T19:47:43.501+00:00
1656.6,2021-11-20T19:51:43.566+00:00
1658.3,2021-11-20T19:55:43.583+00:00
1656.4,2021-11-20T19:59:43.577+00:00
1658.2,2021-11-20T20:03:44.956+00:00
1663.4,2021-11-20T20:07:43.517+00:00
1657.4,2021-11-20T20:11:43.546+00:00
1664.0,2021-11-20T20:15:43.524+00:00
1662.4,2021-11-20T20:19:43.623+00:00
1662.5,2021-11-20T20:23:43.487+00:00
1652.4,2021-11-20T20:27:43.555+00:00
1654.1,2021-11-20T20:31:43.524+00:00
1663.5,2021-11-20T20:35:43.589+00:00
1670.0,2021-11-20T20:39:43.757+00:00
1666.3,2021-11-20T20:43:43.509+00:00
1661.8,2021-11-20T20:47:43.523+00:00
1667.8,2021-11-20T20:51:43.613+00:00
1658.2,2021-11-20T20:55:43.521+00:00
1651.8,2021-11-20T20:59:43.58+00:00
1657.3,2021-11-20T21:03:43.524+00:00
1656.0,2021-11-20T21:07:43.574+00:00
1659.1,2021-11-20T21:11:43.573+00:00
1654.1,2021-11-20T21:15:43.651+00:00
1657.4,2021-11-20T21:19:43.495+00:00
1664.9,2021-11-20T21:23:43.51+00:00
1659.5,2021-11-20T21:27:43.51+00:00
1641.3,2021-11-20T21:31:43.491+00:00
1641.9,2021-11-20T21:35:43.569+00:00
1646.0,2021-11-20T21:39:43.527+00:00
1648.6,2021-11-20T21:43:43.494+00:00
1657.2,2021-11-20T21:47:43.601+00:00
1660.6,2021-11-20T21:51:43.602+00:00
1656.2,2021-11-20T21:55:43.497+00:00
1655.2,2021-11-20T21:59:43.495+00:00
1654.0,2021-11-20T22:03:43.517+00:00
1651.5,2021-11-20T22:07:43.521+00:00
1655.6,2021-11-20T22:11:43.503+00:00
1652.5,2021-11-20T22:15:43.483+00:00
1663.0,2021-11-20T22:19:43.505+00:00
1674.0,2021-11-20T22:23:43.491+00:00
1652.6,2021-11-20T22:27:43.494+00:00
1640.2,2021-11-20T22:31:43.519+00:00
1640.7,2021-11-20T22:35:43.502+00:00
1642.3,2021-11-20T22:39:43.541+00:00
1643.0,2021-11-20T22:43:43.473+00:00
1646.7,2021-11-20T22:47:43.51+00:00
1645.1,2021-11-20T22:51:43.5+00:00
1656.5,2021-11-20T22:55:43.49+00:00
1653.1,2021-11-20T22:59:43.511+00:00
1657.6,2021-11-20T23:03:43.592+00:00
1650.4,2021-11-20T23:07:43.502+00:00
1650.9,2021-11-20T23:11:43.465+00:00
1647.4,2021-11-20T23:15:43.469+00:00
1643.7,2021-11-20T23:19:43.462+00:00
1636.3,2021-11-20T23:23:43.477+00:00
1643.3,2021-11-20T23:27:43.491+00:00
1647.1,2021-11-20T23:31:43.494+00:00
1651.6,2021-11-20T23:35:45.854+00:00
1659.3,2021-11-20T23:39:43.546+00:00
1657.9,2021-11-20T23:43:43.468+00:00
1644.3,2021-11-20T23:47:43.499+00:00
1645.8,2021-11-20T23:51:43.51+00:00
1651.8,2021-11-20T23:55:43.555+00:00
1669.4,2021-11-20T23:59:43.473+00:00
1663.7,2021-11-21T00:03:43.495+00:00
1654.4,2021-11-21T00:07:43.494+00:00
1638.0,2021-11-21T00:11:43.491+00:00
1642.2,2021-11-21T00:15:43.443+00:00
1649.0,2021-11-21T00:19:43.472+00:00
1646.2,2021-11-21T00:23:43.494+00:00
1650.2,2021-11-21T00:27:43.468+00:00
1656.7,2021-11-21T00:31:43.47+00:00
1644.1,2021-11-21T00:35:43.492+00:00
1646.4,2021-11-21T00:39:43.482+00:00
1647.2,2021-11-21T00:43:43.618+00:00
1647.1,2021-11-21T00:47:43.654+00:00
1638.4,2021-11-21T00:51:43.475+00:00
1648.0,2021-11-21T00:55:43.532+00:00
1649.9,2021-11-21T00:59:43.592+00:00
1667.5,2021-11-21T01:03:43.472+00:00
1658.1,2021-11-21T01:07:43.496+00:00
1655.6,2021-11-21T01:11:43.486+00:00
1652.1,2021-11-21T01:15:43.517+00:00
1645.7,2021-11-21T01:19:43.555+00:00
1644.9,2021-11-21T01:23:43.474+00:00
1643.9,2021-11-21T01:27:43.495+00:00
1642.6,2021-11-21T01:31:43.511+00:00
1637.6,2021-11-21T01:35:43.487+00:00
1634.2,2021-11-21T01:39:43.501+00:00
1632.3,2021-11-21T01:43:43.499+00:00
1643.0,2021-11-21T01:47:43.483+00:00
1649.2,2021-11-21T01:51:43.492+00:00
1651.9,2021-11-21T01:55:43.49+00:00
1648.1,2021-11-21T01:59:43.48+00:00
1646.4,2021-11-21T02:03:43.491+00:00
1649.9,2021-11-21T02:07:43.488+00:00
1645.6,2021-11-21T02:11:43.495+00:00
1643.2,2021-11-21T02:15:43.502+00:00
1646.5,2021-11-21T02:19:43.86+00:00
1652.6,2021-11-21T02:23:43.488+00:00
1661.1,2021-11-21T02:27:45.526+00:00
1652.6,2021-11-21T02:31:43.582+00:00
1638.6,2021-11-21T02:35:43.47+00:00
1631.4,2021-11-21T02:39:43.542+00:00
1638.4,2021-11-21T02:43:43.48+00:00
1629.9,2021-11-21T02:47:43.502+00:00
1635.7,2021-11-21T02:51:43.511+00:00
1642.8,2021-11-21T02:55:43.484+00:00
1652.5,2021-11-21T02:59:43.471+00:00
1644.1,2021-11-21T03:03:43.475+00:00
1643.2,2021-11-21T03:07:43.485+00:00
1650.2,2021-11-21T03:11:43.472+00:00
1648.4,2021-11-21T03:15:43.475+00:00
1651.7,2021-11-21T03:19:43.48+00:00
1648.1,2021-11-21T03:23:43.49+00:00
1645.2,2021-11-21T03:27:43.509+00:00
1645.3,2021-11-21T03:31:43.465+00:00
1648.2,2021-11-21T03:35:43.482+00:00
1646.1,2021-11-21T03:39:43.488+00:00
1646.1,2021-11-21T03:43:43.476+00:00
1643.0,2021-11-21T03:47:43.501+00:00
1649.1,2021-11-21T03:51:43.485+00:00
1645.6,2021-11-21T03:55:43.619+00:00
1651.9,2021-11-21T03:59:43.509+00:00
1659.7,2021-11-21T04:03:43.495+00:00
1643.3,2021-11-21T04:07:43.477+00:00
1637.7,2021-11-21T04:11:43.502+00:00
1623.9,2021-11-21T04:15:43.484+00:00
1626.9,2021-11-21T04:19:43.496+00:00
1628.4,2021-11-21T04:23:43.584+00:00
1634.7,2021-11-21T04:27:43.611+00:00
1634.0,2021-11-21T04:31:43.689+00:00
1630.9,2021-11-21T04:35:43.506+00:00
1627.9,2021-11-21T04:39:43.508+00:00
1628.0,2021-11-21T04:43:43.5+00:00
1636.0,2021-11-21T04:47:43.502+00:00
1641.4,2021-11-21T04:51:43.471+00:00
1623.0,2021-11-21T04:55:43.51+00:00
1621.8,2021-11-21T04:59:43.474+00:00
1636.9,2021-11-21T05:03:43.581+00:00
1652.1,2021-11-21T05:07:43.556+00:00
1657.3,2021-11-21T05:11:43.494+00:00
1657.8,2021-11-21T05:15:43.581+00:00
1648.6,2021-11-21T05:19:43.498+00:00
1647.1,2021-11-21T05:23:43.499+00:00
1648.6,2021-11-21T05:27:43.514+00:00
1647.2,2021-11-21T05:31:43.574+00:00
1635.3,2021-11-21T05:35:43.49+00:00
1633.7,2021-11-21T05:39:43.479+00:00
1652.5,2021-11-21T05:43:43.48+00:00
1645.7,2021-11-21T05:47:43.493+00:00
1639.7,2021-11-21T05:51:43.593+00:00
1637.7,2021-11-21T05:55:43.496+00:00
1632.1,2021-11-21T05:59:43.473+00:00
1628.8,2021-11-21T06:03:43.576+00:00
1623.3,2021-11-21T06:07:43.559+00:00
1626.4,2021-11-21T06:11:43.511+00:00
1640.1,2021-11-21T06:15:43.507+00:00
1641.8,2021-11-21T06:19:43.607+00:00
1636.6,2021-11-21T06:23:43.482+00:00
1626.5,2021-11-21T06:27:43.505+00:00
1630.3,2021-11-21T06:31:43.548+00:00
1634.4,2021-11-21T06:35:43.479+00:00
1626.8,2021-11-21T06:39:43.566+00:00
1621.4,2021-11-21T06:43:43.572+00:00
1620.8,2021-11-21T06:47:43.491+00:00
1636.5,2021-11-21T06:51:43.485+00:00
1641.9,2021-11-21T06:55:43.474+00:00
1635.4,2021-11-21T06:59:43.582+00:00
1636.2,2021-11-21T07:03:43.515+00:00
1633.6,2021-11-21T07:07:43.561+00:00
1632.2,2021-11-21T07:11:43.478+00:00
1636.1,2021-11-21T07:15:43.569+00:00
1635.0,2021-11-21T07:19:43.548+00:00
1648.4,2021-11-21T07:23:43.649+00:00
1641.1,2021-11-21T07:27:43.527+00:00
1647.8,2021-11-21T07:31:43.529+00:00
1649.9,2021-11-21T07:35:43.546+00:00
1638.8,2021-11-21T07:39:43.507+00:00
1635.8,2021-11-21T07:43:43.608+00:00
1632.6,2021-11-21T07:47:43.589+00:00
1628.3,2021-11-21T07:51:43.571+00:00
1635.5,2021-11-21T07:55:43.577+00:00
1651.3,2021-11-21T07:59:43.627+00:00
1656.7,2021-11-21T08:03:43.565+00:00
1653.1,2021-11-21T08:07:43.554+00:00
1655.8,2021-11-21T08:11:43.524+00:00
1647.6,2021-11-21T08:15:43.558+00:00
1643.5,2021-11-21T08:19:43.543+00:00
1641.4,2021-11-21T08:23:43.575+00:00
1641.9,2021-11-21T08:27:43.569+00:00
1645.3,2021-11-21T08:31:43.599+00:00
1646.1,2021-11-21T08:35:43.862+00:00
1641.8,2021-11-21T08:39:43.479+00:00
1645.2,2021-11-21T08:43:43.478+00:00
1653.2,2021-11-21T08:47:43.558+00:00
1659.3,2021-11-21T08:51:43.499+00:00
1653.5,2021-11-21T08:55:43.531+00:00
1658.7,2021-11-21T08:59:43.586+00:00
1661.3,2021-11-21T09:03:43.618+00:00
1662.5,2021-11-21T09:07:43.6+00:00
1661.5,2021-11-21T09:11:43.584+00:00
1646.8,2021-11-21T09:15:43.597+00:00
1649.1,2021-11-21T09:19:43.685+00:00
1644.0,2021-11-21T09:23:43.716+00:00
1650.0,2021-11-21T09:27:43.491+00:00
1653.5,2021-11-21T09:31:43.586+00:00
1653.1,2021-11-21T09:35:43.506+00:00
1648.8,2021-11-21T09:39:43.712+00:00
1647.3,2021-11-21T09:43:43.52+00:00
1647.4,2021-11-21T09:47:43.711+00:00
1643.8,2021-11-21T09:51:43.521+00:00
1643.6,2021-11-21T09:55:43.652+00:00
1637.3,2021-11-21T09:59:43.609+00:00
1644.5,2021-11-21T10:03:43.641+00:00
1644.0,2021-11-21T10:07:43.607+00:00
1647.5,2021-11-21T10:11:43.529+00:00
1651.5,2021-11-21T10:15:43.506+00:00
1648.4,2021-11-21T10:19:43.616+00:00
1654.5,2021-11-21T10:23:43.607+00:00
1642.8,2021-11-21T10:27:43.694+00:00
1657.9,2021-11-21T10:31:43.586+00:00
1654.9,2021-11-21T10:35:43.588+00:00
1659.1,2021-11-21T10:39:43.654+00:00
1645.8,2021-11-21T10:43:43.608+00:00
1648.5,2021-11-21T10:47:43.572+00:00
1656.3,2021-11-21T10:51:43.629+00:00
1662.9,2021-11-21T10:55:43.581+00:00
1660.9,2021-11-21T10:59:43.628+00:00
1664.4,2021-11-21T11:03:43.595+00:00
1653.2,2021-11-21T11:07:43.641+00:00
1654.3,2021-11-21T11:11:43.581+00:00
1662.6,2021-11-21T11:15:43.686+00:00
1663.6,2021-11-21T11:19:43.66+00:00
1653.1,2021-11-21T11:23:43.608+00:00
1649.4,2021-11-21T11:27:43.607+00:00
1650.4,2021-11-21T11:31:43.639+00:00
1663.0,2021-11-21T11:35:43.672+00:00
1665.3,2021-11-21T11:39:43.564+00:00
1650.9,2021-11-21T11:43:45.59+00:00
1653.9,2021-11-21T11:47:43.585+00:00
1655.5,2021-11-21T11:51:43.722+00:00
1658.9,2021-11-21T11:55:43.629+00:00
1652.8,2021-11-21T11:59:43.597+00:00
1651.3,2021-11-21T12:03:43.501+00:00
1652.3,2021-11-21T12:07:43.585+00:00
1667.4,2021-11-21T12:11:43.629+00:00
1673.5,2021-11-21T12:15:43.7+00:00
1655.7,2021-11-21T12:19:43.539+00:00
1648.2,2021-11-21T12:23:43.61+00:00
1650.5,2021-11-21T12:27:43.655+00:00
1649.9,2021-11-21T12:31:43.613+00:00
1646.1,2021-11-21T12:35:43.625+00:00
1657.0,2021-11-21T12:39:43.575+00:00
1663.9,2021-11-21T12:43:43.586+00:00
1661.8,2021-11-21T12:47:43.561+00:00
1658.6,2021-11-21T12:51:43.7+00:00
1654.4,2021-11-21T12:55:43.63+00:00
1654.0,2021-11-21T12:59:43.614+00:00
1650.9,2021-11-21T13:03:43.799+00:00
1649.7,2021-11-21T13:07:43.708+00:00
1659.8,2021-11-21T13:11:43.598+00:00
1664.9,2021-11-21T13:15:43.708+00:00
1660.9,2021-11-21T13:19:43.705+00:00
1669.0,2021-11-21T13:23:43.634+00:00
1669.2,2021-11-21T13:27:43.654+00:00
1671.5,2021-11-21T13:31:43.657+00:00
1670.9,2021-11-21T13:35:43.595+00:00
1661.0,2021-11-21T13:39:43.731+00:00
1663.8,2021-11-21T13:43:43.581+00:00
1664.1,2021-11-21T13:47:43.67+00:00
1661.0,2021-11-21T13:51:43.607+00:00
1655.5,2021-11-21T13:55:43.704+00:00
1650.5,2021-11-21T13:59:43.58+00:00
1641.8,2021-11-21T14:03:43.61+00:00
1652.6,2021-11-21T14:07:43.602+00:00
1664.6,2021-11-21T14:11:43.638+00:00
1663.2,2021-11-21T14:15:43.698+00:00
1662.8,2021-11-21T14:19:43.583+00:00
1659.5,2021-11-21T14:23:43.625+00:00
1658.6,2021-11-21T14:27:43.606+00:00
1664.8,2021-11-21T14:31:43.658+00:00
1664.8,2021-11-21T14:35:43.731+00:00
1660.7,2021-11-21T14:39:43.653+00:00
1652.2,2021-11-21T14:43:43.655+00:00
1657.6,2021-11-21T14:47:43.632+00:00
1654.7,2021-11-21T14:51:43.767+00:00
1648.6,2021-11-21T14:55:43.729+00:00
1646.9,2021-11-21T14:59:43.573+00:00
1659.5,2021-11-21T15:03:43.789+00:00
1664.1,2021-11-21T15:07:43.58+00:00
1665.3,2021-11-21T15:11:43.593+00:00
1657.0,2021-11-21T15:15:43.766+00:00
1639.8,2021-11-21T15:19:43.604+00:00
1630.4,2021-11-21T15:23:43.621+00:00
1644.6,2021-11-21T15:27:43.609+00:00
1644.9,2021-11-21T15:31:43.615+00:00
1619.3,2021-11-21T15:35:43.64+00:00
1623.9,2021-11-21T15:39:43.527+00:00
1635.4,2021-11-21T15:43:43.671+00:00
1650.6,2021-11-21T15:47:43.663+00:00
1657.4,2021-11-21T15:51:43.509+00:00
1664.7,2021-11-21T15:55:43.648+00:00
1659.2,2021-11-21T15:59:43.644+00:00
1653.7,2021-11-21T16:03:43.717+00:00
1653.4,2021-11-21T16:07:43.707+00:00
1664.1,2021-11-21T16:11:43.632+00:00
1663.3,2021-11-21T16:15:43.586+00:00
1654.5,2021-11-21T16:19:43.812+00:00
1655.0,2021-11-21T16:23:43.766+00:00
1655.3,2021-11-21T16:27:43.68+00:00
1668.2,2021-11-21T16:31:43.878+00:00
1670.5,2021-11-21T16:35:43.598+00:00
1665.2,2021-11-21T16:39:43.654+00:00
1666.6,2021-11-21T16:43:43.717+00:00
1665.0,2021-11-21T16:47:43.854+00:00
1664.3,2021-11-21T16:51:43.705+00:00
1657.1,2021-11-21T16:55:43.762+00:00
1657.3,2021-11-21T16:59:43.687+00:00
1656.0,2021-11-21T17:03:43.753+00:00
1655.8,2021-11-21T17:07:43.677+00:00
1651.2,2021-11-21T17:11:43.717+00:00
1659.8,2021-11-21T17:15:47.255+00:00
1652.7,2021-11-21T17:19:43.75+00:00
1660.7,2021-11-21T17:23:43.973+00:00
1657.3,2021-11-21T17:27:43.826+00:00
1661.5,2021-11-21T17:31:43.666+00:00
1656.7,2021-11-21T17:35:43.828+00:00
1663.0,2021-11-21T17:39:43.718+00:00
1661.5,2021-11-21T17:43:43.687+00:00
1661.2,2021-11-21T17:47:43.693+00:00
1659.9,2021-11-21T17:51:43.639+00:00
1655.4,2021-11-21T17:55:43.621+00:00
1653.5,2021-11-21T17:59:43.964+00:00
1658.4,2021-11-21T18:03:43.875+00:00
1652.4,2021-11-21T18:07:43.713+00:00
1664.4,2021-11-21T18:11:43.641+00:00
1664.4,2021-11-21T18:15:43.695+00:00
1662.9,2021-11-21T18:19:43.693+00:00
1665.8,2021-11-21T18:23:43.714+00:00
1666.0,2021-11-21T18:27:43.729+00:00
1670.2,2021-11-21T18:31:43.727+00:00
1667.4,2021-11-21T18:35:43.732+00:00
1663.1,2021-11-21T18:39:43.645+00:00
1661.6,2021-11-21T18:43:43.632+00:00
1659.7,2021-11-21T18:47:43.618+00:00
1654.4,2021-11-21T18:51:43.724+00:00
1658.0,2021-11-21T18:55:43.615+00:00
1663.0,2021-11-21T18:59:43.757+00:00
1661.5,2021-11-21T19:03:43.687+00:00
1657.5,2021-11-21T19:07:43.59+00:00
1651.0,2021-11-21T19:11:43.672+00:00
1655.1,2021-11-21T19:15:43.756+00:00
1657.4,2021-11-21T19:19:43.626+00:00
1656.1,2021-11-21T19:23:43.575+00:00
1654.0,2021-11-21T19:27:43.634+00:00
1655.4,2021-11-21T19:31:43.613+00:00
1665.1,2021-11-21T19:35:43.668+00:00
1667.0,2021-11-21T19:39:43.655+00:00
1660.0,2021-11-21T19:43:43.747+00:00
1658.2,2021-11-21T19:47:43.742+00:00
1657.4,2021-11-21T19:51:43.787+00:00
1656.9,2021-11-21T19:55:43.72+00:00
1655.7,2021-11-21T19:59:43.619+00:00
1654.8,2021-11-21T20:03:43.646+00:00
1660.7,2021-11-21T20:07:43.607+00:00
1667.7,2021-11-21T20:11:43.74+00:00
1663.5,2021-11-21T20:15:43.725+00:00
1658.3,2021-11-21T20:19:43.727+00:00
1650.3,2021-11-21T20:23:43.666+00:00
1646.0,2021-11-21T20:27:43.603+00:00
1647.9,2021-11-21T20:31:43.633+00:00
1651.6,2021-11-21T20:35:43.643+00:00
1652.2,2021-11-21T20:39:43.696+00:00
1648.9,2021-11-21T20:43:43.711+00:00
1650.3,2021-11-21T20:47:43.746+00:00
1656.0,2021-11-21T20:51:43.589+00:00
1663.7,2021-11-21T20:55:43.606+00:00
1664.1,2021-11-21T20:59:43.843+00:00
1650.7,2021-11-21T21:03:43.603+00:00
1637.8,2021-11-21T21:07:43.651+00:00
1643.5,2021-11-21T21:11:43.619+00:00
1642.8,2021-11-21T21:15:43.617+00:00
1652.0,2021-11-21T21:19:43.632+00:00
1641.8,2021-11-21T21:23:43.653+00:00
1656.6,2021-11-21T21:27:43.63+00:00
1649.1,2021-11-21T21:31:43.619+00:00
1642.8,2021-11-21T21:35:43.615+00:00
1631.3,2021-11-21T21:39:43.689+00:00
1640.7,2021-11-21T21:43:43.589+00:00
1649.7,2021-11-21T21:47:43.604+00:00
1668.3,2021-11-21T21:51:43.63+00:00
1668.1,2021-11-21T21:55:43.646+00:00
1651.1,2021-11-21T21:59:43.611+00:00
1648.4,2021-11-21T22:03:43.666+00:00
1648.2,2021-11-21T22:07:43.62+00:00
1650.3,2021-11-21T22:11:43.643+00:00
1642.5,2021-11-21T22:15:44.267+00:00
1646.6,2021-11-21T22:19:43.606+00:00
1644.6,2021-11-21T22:23:43.646+00:00
1638.2,2021-11-21T22:27:43.579+00:00
1634.9,2021-11-21T22:31:43.557+00:00
1630.2,2021-11-21T22:35:43.67+00:00
1632.8,2021-11-21T22:39:43.66+00:00
1645.3,2021-11-21T22:43:43.574+00:00
1643.2,2021-11-21T22:47:43.596+00:00
1646.0,2021-11-21T22:51:43.692+00:00
1637.9,2021-11-21T22:55:43.579+00:00
1639.2,2021-11-21T22:59:43.61+00:00
1626.2,2021-11-21T23:03:43.61+00:00
1630.9,2021-11-21T23:07:43.571+00:00
1629.7,2021-11-21T23:11:43.68+00:00
1631.5,2021-11-21T23:15:43.576+00:00
1631.8,2021-11-21T23:19:43.602+00:00
1644.1,2021-11-21T23:23:43.618+00:00
1645.9,2021-11-21T23:27:43.593+00:00
1646.5,2021-11-21T23:31:43.567+00:00
1637.9,2021-11-21T23:35:43.594+00:00
1642.0,2021-11-21T23:39:43.644+00:00
1639.6,2021-11-21T23:43:43.69+00:00
1618.4,2021-11-21T23:47:43.776+00:00
1621.4,2021-11-21T23:51:43.667+00:00
1628.1,2021-11-21T23:55:43.63+00:00
1621.1,2021-11-21T23:59:44.186+00:00
1622.1,2021-11-22T00:03:43.623+00:00
1634.4,2021-11-22T00:07:43.707+00:00
1620.4,2021-11-22T00:11:43.613+00:00
1610.6,2021-11-22T00:15:43.608+00:00
1606.7,2021-11-22T00:19:43.661+00:00
1621.3,2021-11-22T00:23:43.587+00:00
1603.6,2021-11-22T00:27:43.614+00:00
1609.3,2021-11-22T00:31:43.678+00:00
1624.0,2021-11-22T00:35:43.67+00:00
1616.0,2021-11-22T00:39:43.589+00:00
1615.5,2021-11-22T00:43:43.682+00:00
1593.8,2021-11-22T00:47:43.756+00:00
1593.1,2021-11-22T00:51:43.581+00:00
1592.0,2021-11-22T00:55:43.548+00:00
1607.3,2021-11-22T00:59:43.615+00:00
1614.9,2021-11-22T01:03:43.638+00:00
1600.0,2021-11-22T01:07:43.661+00:00
1577.7,2021-11-22T01:11:43.581+00:00
1591.9,2021-11-22T01:15:43.587+00:00
1621.2,2021-11-22T01:19:43.683+00:00
1614.8,2021-11-22T01:23:43.58+00:00
1603.4,2021-11-22T01:27:43.577+00:00
1610.7,2021-11-22T01:31:43.618+00:00
1585.8,2021-11-22T01:35:43.6+00:00
1579.0,2021-11-22T01:39:43.681+00:00
1598.8,2021-11-22T01:43:43.562+00:00
1608.5,2021-11-22T01:47:43.575+00:00
1600.5,2021-11-22T01:51:43.674+00:00
1608.8,2021-11-22T01:55:43.578+00:00
1616.3,2021-11-22T01:59:43.573+00:00
1593.0,2021-11-22T02:03:43.568+00:00
1577.8,2021-11-22T02:07:43.675+00:00
1589.1,2021-11-22T02:11:43.557+00:00
1610.0,2021-11-22T02:15:43.664+00:00
1612.2,2021-11-22T02:19:43.561+00:00
1607.7,2021-11-22T02:23:43.586+00:00
1598.7,2021-11-22T02:27:43.619+00:00
1600.9,2021-11-22T02:31:43.578+00:00
1590.3,2021-11-22T02:35:43.627+00:00
1581.7,2021-11-22T02:39:43.703+00:00
1604.7,2021-11-22T02:43:43.571+00:00
1625.9,2021-11-22T02:47:43.57+00:00
1630.6,2021-11-22T02:51:43.599+00:00
1623.3,2021-11-22T02:55:43.645+00:00
1619.7,2021-11-22T02:59:43.57+00:00
1617.5,2021-11-22T03:03:43.592+00:00
1606.8,2021-11-22T03:07:43.611+00:00
1610.4,2021-11-22T03:11:43.804+00:00
1615.1,2021-11-22T03:15:43.595+00:00
1631.8,2021-11-22T03:19:43.61+00:00
1634.1,2021-11-22T03:23:43.587+00:00
1642.4,2021-11-22T03:27:43.569+00:00
1635.2,2021-11-22T03:31:43.592+00:00
1634.4,2021-11-22T03:35:43.615+00:00
1624.7,2021-11-22T03:39:43.667+00:00
1631.4,2021-11-22T03:43:43.577+00:00
1640.8,2021-11-22T03:47:43.585+00:00
1649.2,2021-11-22T03:51:43.586+00:00
1638.0,2021-11-22T03:55:43.652+00:00
1638.7,2021-11-22T03:59:43.586+00:00
1628.4,2021-11-22T04:03:43.606+00:00
1643.4,2021-11-22T04:07:43.589+00:00
1649.4,2021-11-22T04:11:43.697+00:00
1655.5,2021-11-22T04:15:43.586+00:00
1650.5,2021-11-22T04:19:43.57+00:00
1641.4,2021-11-22T04:23:43.622+00:00
1639.3,2021-11-22T04:27:43.701+00:00
1638.9,2021-11-22T04:31:43.572+00:00
1651.0,2021-11-22T04:35:43.63+00:00
1670.6,2021-11-22T04:39:43.645+00:00
1659.6,2021-11-22T04:43:43.578+00:00
1649.9,2021-11-22T04:47:43.563+00:00
1645.3,2021-11-22T04:51:43.618+00:00
1635.8,2021-11-22T04:55:43.569+00:00
1639.8,2021-11-22T04:59:43.594+00:00
1646.9,2021-11-22T05:03:43.678+00:00
1653.7,2021-11-22T05:07:43.616+00:00
1651.2,2021-11-22T05:11:43.592+00:00
1646.8,2021-11-22T05:15:43.587+00:00
1655.8,2021-11-22T05:19:43.639+00:00
1658.6,2021-11-22T05:23:43.571+00:00
1647.5,2021-11-22T05:27:43.639+00:00
1655.0,2021-11-22T05:31:43.575+00:00
1666.5,2021-11-22T05:35:43.582+00:00
1682.9,2021-11-22T05:39:43.588+00:00
1688.7,2021-11-22T05:43:43.658+00:00
1669.6,2021-11-22T05:47:43.619+00:00
1653.6,2021-11-22T05:51:43.665+00:00
1666.0,2021-11-22T05:55:43.577+00:00
1683.2,2021-11-22T05:59:43.622+00:00
1669.9,2021-11-22T06:03:43.581+00:00
1662.6,2021-11-22T06:07:43.601+00:00
1676.8,2021-11-22T06:11:43.692+00:00
1672.7,2021-11-22T06:15:43.597+00:00
1674.9,2021-11-22T06:19:43.588+00:00
1665.4,2021-11-22T06:23:43.644+00:00
1660.6,2021-11-22T06:27:43.583+00:00
1678.0,2021-11-22T06:31:43.589+00:00
1682.3,2021-11-22T06:35:43.608+00:00
1677.0,2021-11-22T06:39:43.56+00:00
1667.9,2021-11-22T06:43:43.783+00:00
1661.1,2021-11-22T06:47:43.58+00:00
1665.0,2021-11-22T06:51:43.632+00:00
1678.3,2021-11-22T06:55:43.627+00:00
1673.1,2021-11-22T06:59:43.669+00:00
1675.1,2021-11-22T07:03:43.605+00:00
1662.4,2021-11-22T07:07:43.656+00:00
1663.3,2021-11-22T07:11:43.671+00:00
1649.6,2021-11-22T07:15:43.661+00:00
1655.6,2021-11-22T07:19:43.58+00:00
1685.6,2021-11-22T07:23:43.626+00:00
1691.6,2021-11-22T07:27:43.588+00:00
1687.9,2021-11-22T07:31:43.605+00:00
1675.7,2021-11-22T07:35:43.597+00:00
1667.7,2021-11-22T07:39:43.606+00:00
1659.9,2021-11-22T07:43:43.682+00:00
1661.4,2021-11-22T07:47:43.589+00:00
1672.5,2021-11-22T07:51:43.568+00:00
1688.6,2021-11-22T07:55:43.561+00:00
1679.2,2021-11-22T07:59:43.704+00:00
1707.6,2021-11-22T08:03:43.73+00:00
1737.7,2021-11-22T08:07:43.613+00:00
1724.7,2021-11-22T08:11:43.71+00:00
1692.1,2021-11-22T08:15:43.661+00:00
1676.2,2021-11-22T08:19:43.603+00:00
1665.6,2021-11-22T08:23:43.591+00:00
1665.4,2021-11-22T08:27:43.594+00:00
1687.4,2021-11-22T08:31:43.576+00:00
1706.9,2021-11-22T08:35:43.602+00:00
1686.9,2021-11-22T08:39:43.651+00:00
1666.2,2021-11-22T08:43:43.65+00:00
1670.7,2021-11-22T08:47:43.707+00:00
1680.9,2021-11-22T08:51:43.632+00:00
1681.0,2021-11-22T08:55:43.537+00:00
1689.0,2021-11-22T08:59:43.633+00:00
1679.8,2021-11-22T09:03:43.627+00:00
1681.7,2021-11-22T09:07:43.624+00:00
1675.5,2021-11-22T09:11:43.651+00:00
1660.5,2021-11-22T09:15:43.647+00:00
1670.6,2021-11-22T09:19:43.632+00:00
1664.3,2021-11-22T09:23:43.682+00:00
1667.1,2021-11-22T09:27:43.612+00:00
1668.3,2021-11-22T09:31:43.622+00:00
1670.5,2021-11-22T09:35:43.686+00:00
1669.8,2021-11-22T09:39:43.655+00:00
1675.2,2021-11-22T09:43:43.577+00:00
1667.8,2021-11-22T09:47:43.633+00:00
1691.0,2021-11-22T09:51:43.597+00:00
1692.6,2021-11-22T09:55:43.605+00:00
1688.0,2021-11-22T09:59:43.578+00:00
1663.0,2021-11-22T10:03:43.604+00:00
1658.6,2021-11-22T10:07:43.661+00:00
1675.2,2021-11-22T10:11:43.717+00:00
1673.5,2021-11-22T10:15:43.57+00:00
1683.3,2021-11-22T10:19:43.634+00:00
1673.9,2021-11-22T10:23:43.591+00:00
1671.4,2021-11-22T10:27:43.652+00:00
1669.9,2021-11-22T10:31:43.631+00:00
1666.1,2021-11-22T10:35:43.63+00:00
1659.5,2021-11-22T10:39:43.665+00:00
1668.3,2021-11-22T10:43:43.603+00:00
1662.3,2021-11-22T10:47:43.672+00:00
1670.9,2021-11-22T10:51:43.59+00:00
1665.7,2021-11-22T10:55:43.683+00:00
1664.1,2021-11-22T10:59:43.601+00:00
1673.6,2021-11-22T11:03:43.588+00:00
1669.5,2021-11-22T11:07:43.622+00:00
1672.0,2021-11-22T11:11:43.581+00:00
1669.0,2021-11-22T11:15:43.6+00:00
1672.5,2021-11-22T11:19:43.641+00:00
1681.4,2021-11-22T11:23:43.603+00:00
1678.5,2021-11-22T11:27:43.566+00:00
1673.6,2021-11-22T11:31:43.574+00:00
1679.3,2021-11-22T11:35:43.606+00:00
1684.0,2021-11-22T11:39:43.611+00:00
1685.0,2021-11-22T11:43:43.556+00:00
1678.8,2021-11-22T11:47:43.617+00:00
1683.7,2021-11-22T11:51:43.592+00:00
1691.5,2021-11-22T11:55:43.584+00:00
1679.6,2021-11-22T11:59:43.654+00:00
1680.4,2021-11-22T12:03:43.596+00:00
1696.6,2021-11-22T12:07:43.637+00:00
1696.4,2021-11-22T12:11:43.678+00:00
1673.1,2021-11-22T12:15:43.649+00:00
1683.2,2021-11-22T12:19:43.586+00:00
1685.0,2021-11-22T12:23:43.57+00:00
1689.0,2021-11-22T12:27:43.605+00:00
1690.4,2021-11-22T12:31:43.678+00:00
1684.6,2021-11-22T12:35:43.609+00:00
1670.3,2021-11-22T12:39:43.554+00:00
1659.9,2021-11-22T12:43:43.611+00:00
1666.9,2021-11-22T12:47:43.629+00:00
1669.5,2021-11-22T12:51:43.708+00:00
1664.7,2021-11-22T12:55:43.685+00:00
1687.7,2021-11-22T12:59:43.601+00:00
1687.6,2021-11-22T13:03:43.598+00:00
1688.3,2021-11-22T13:07:43.714+00:00
1675.8,2021-11-22T13:11:43.68+00:00
1667.6,2021-11-22T13:15:43.636+00:00
1666.4,2021-11-22T13:19:43.613+00:00
1677.1,2021-11-22T13:23:43.735+00:00
1681.6,2021-11-22T13:27:43.728+00:00
1678.8,2021-11-22T13:31:43.68+00:00
1669.8,2021-11-22T13:35:43.631+00:00
1671.8,2021-11-22T13:39:43.611+00:00
1677.7,2021-11-22T13:43:43.616+00:00
1680.7,2021-11-22T13:47:43.66+00:00
1685.6,2021-11-22T13:51:43.706+00:00
1678.4,2021-11-22T13:55:43.576+00:00
1664.7,2021-11-22T13:59:43.715+00:00
1672.3,2021-11-22T14:03:43.687+00:00
1672.9,2021-11-22T14:07:43.621+00:00
1665.7,2021-11-22T14:11:43.577+00:00
1658.5,2021-11-22T14:15:43.689+00:00
1668.3,2021-11-22T14:19:43.766+00:00
1685.6,2021-11-22T14:23:43.586+00:00
1699.1,2021-11-22T14:27:43.681+00:00
1683.3,2021-11-22T14:31:43.656+00:00
1681.4,2021-11-22T14:35:43.623+00:00
1675.9,2021-11-22T14:39:43.727+00:00
1663.3,2021-11-22T14:43:43.651+00:00
1665.7,2021-11-22T14:47:43.617+00:00
1684.3,2021-11-22T14:51:43.623+00:00
1675.8,2021-11-22T14:55:43.683+00:00
1665.5,2021-11-22T14:59:43.602+00:00
1671.5,2021-11-22T15:03:43.66+00:00
1681.4,2021-11-22T15:07:43.667+00:00
1678.0,2021-11-22T15:11:43.571+00:00
1670.6,2021-11-22T15:15:43.696+00:00
1667.6,2021-11-22T15:19:43.606+00:00
1675.2,2021-11-22T15:23:43.658+00:00
1673.0,2021-11-22T15:27:44.355+00:00
1656.6,2021-11-22T15:31:43.626+00:00
1660.6,2021-11-22T15:35:43.657+00:00
1664.4,2021-11-22T15:39:43.617+00:00
1664.0,2021-11-22T15:43:43.658+00:00
1659.0,2021-11-22T15:47:43.63+00:00
1652.3,2021-11-22T15:51:43.619+00:00
1646.1,2021-11-22T15:55:43.667+00:00
1658.4,2021-11-22T15:59:43.619+00:00
1669.7,2021-11-22T16:03:43.624+00:00
1668.2,2021-11-22T16:07:43.71+00:00
1674.9,2021-11-22T16:11:43.605+00:00
1681.2,2021-11-22T16:15:43.75+00:00
1686.1,2021-11-22T16:19:43.628+00:00
1675.7,2021-11-22T16:23:43.635+00:00
1689.1,2021-11-22T16:27:43.676+00:00
1677.2,2021-11-22T16:31:43.683+00:00
1667.1,2021-11-22T16:35:43.665+00:00
1660.6,2021-11-22T16:39:43.675+00:00
1665.3,2021-11-22T16:43:43.65+00:00
1678.5,2021-11-22T16:47:43.669+00:00
1689.5,2021-11-22T16:51:43.662+00:00
1692.7,2021-11-22T16:55:43.599+00:00
1687.9,2021-11-22T16:59:43.623+00:00
1681.7,2021-11-22T17:03:43.722+00:00
1673.8,2021-11-22T17:07:43.634+00:00
1668.0,2021-11-22T17:11:43.656+00:00
1671.0,2021-11-22T17:15:43.688+00:00
1663.4,2021-11-22T17:19:43.714+00:00
1663.2,2021-11-22T17:23:43.752+00:00
1655.9,2021-11-22T17:27:43.826+00:00
1670.0,2021-11-22T17:31:43.681+00:00
1677.9,2021-11-22T17:35:43.665+00:00
1661.8,2021-11-22T17:39:43.665+00:00
1659.0,2021-11-22T17:43:43.75+00:00
1662.4,2021-11-22T17:47:43.707+00:00
1663.4,2021-11-22T17:51:43.872+00:00
1667.8,2021-11-22T17:55:43.621+00:00
1668.2,2021-11-22T17:59:43.669+00:00
1670.4,2021-11-22T18:03:43.612+00:00
1681.4,2021-11-22T18:07:43.618+00:00
1687.8,2021-11-22T18:11:43.709+00:00
1691.9,2021-11-22T18:15:43.96+00:00
1668.7,2021-11-22T18:19:43.627+00:00
1662.3,2021-11-22T18:23:43.657+00:00
1654.1,2021-11-22T18:27:43.83+00:00
1665.4,2021-11-22T18:31:43.782+00:00
1664.1,2021-11-22T18:35:43.83+00:00
1671.3,2021-11-22T18:39:43.694+00:00
1670.5,2021-11-22T18:43:43.641+00:00
1670.0,2021-11-22T18:47:43.675+00:00
1667.9,2021-11-22T18:51:43.779+00:00
1665.3,2021-11-22T18:55:43.62+00:00
1659.8,2021-11-22T18:59:43.639+00:00
1658.3,2021-11-22T19:03:43.69+00:00
1648.3,2021-11-22T19:07:43.688+00:00
1647.5,2021-11-22T19:11:43.658+00:00
1643.6,2021-11-22T19:15:43.649+00:00
1649.5,2021-11-22T19:19:43.928+00:00
1660.6,2021-11-22T19:23:43.654+00:00
1661.7,2021-11-22T19:27:43.67+00:00
1659.7,2021-11-22T19:31:43.757+00:00
1673.8,2021-11-22T19:35:43.641+00:00
1666.9,2021-11-22T19:39:43.739+00:00
1654.1,2021-11-22T19:43:43.696+00:00
1646.0,2021-11-22T19:47:43.662+00:00
1656.8,2021-11-22T19:51:43.688+00:00
1668.1,2021-11-22T19:55:43.763+00:00
1672.8,2021-11-22T19:59:43.585+00:00
1668.0,2021-11-22T20:03:43.658+00:00
1671.8,2021-11-22T20:07:43.719+00:00
1666.7,2021-11-22T20:11:43.64+00:00
1664.8,2021-11-22T20:15:44.577+00:00
1658.9,2021-11-22T20:19:43.669+00:00
1657.0,2021-11-22T20:23:43.706+00:00
1663.7,2021-11-22T20:27:43.62+00:00
1658.5,2021-11-22T20:31:43.593+00:00
1661.5,2021-11-22T20:35:43.638+00:00
1650.1,2021-11-22T20:39:43.61+00:00
1642.2,2021-11-22T20:43:43.788+00:00
1657.1,2021-11-22T20:47:43.643+00:00
1659.4,2021-11-22T20:51:43.793+00:00
1662.7,2021-11-22T20:55:43.581+00:00
1658.4,2021-11-22T20:59:43.7+00:00
1658.7,2021-11-22T21:03:43.534+00:00
1659.8,2021-11-22T21:07:43.512+00:00
1649.2,2021-11-22T21:11:43.582+00:00
1650.9,2021-11-22T21:15:43.65+00:00
1647.7,2021-11-22T21:19:43.614+00:00
1640.3,2021-11-22T21:23:43.65+00:00
1644.8,2021-11-22T21:27:45.118+00:00
1643.1,2021-11-22T21:31:43.598+00:00
1639.5,2021-11-22T21:35:43.68+00:00
1639.1,2021-11-22T21:39:43.524+00:00
1644.9,2021-11-22T21:43:43.477+00:00
1648.8,2021-11-22T21:47:43.644+00:00
1652.5,2021-11-22T21:51:43.57+00:00
1652.5,2021-11-22T21:55:43.517+00:00
1652.7,2021-11-22T21:59:43.509+00:00
1641.4,2021-11-22T22:03:43.62+00:00
1638.9,2021-11-22T22:07:43.501+00:00
1643.6,2021-11-22T22:11:43.518+00:00
1645.7,2021-11-22T22:15:43.494+00:00
1647.2,2021-11-22T22:19:43.701+00:00
1644.2,2021-11-22T22:23:43.594+00:00
1640.6,2021-11-22T22:27:43.685+00:00
1645.9,2021-11-22T22:31:43.588+00:00
1647.2,2021-11-22T22:35:43.572+00:00
1652.8,2021-11-22T22:39:43.523+00:00
1645.7,2021-11-22T22:43:43.619+00:00
1640.6,2021-11-22T22:47:43.473+00:00
1644.8,2021-11-22T22:51:43.717+00:00
1650.1,2021-11-22T22:55:43.58+00:00
1642.1,2021-11-22T22:59:43.551+00:00
1624.7,2021-11-22T23:03:43.544+00:00
1623.4,2021-11-22T23:07:43.488+00:00
1631.2,2021-11-22T23:11:43.561+00:00
1634.3,2021-11-22T23:15:43.509+00:00
1637.8,2021-11-22T23:19:43.478+00:00
1633.0,2021-11-22T23:23:43.5+00:00
1634.7,2021-11-22T23:27:43.654+00:00
1630.9,2021-11-22T23:31:43.615+00:00
1630.8,2021-11-22T23:35:43.568+00:00
1631.9,2021-11-22T23:39:43.584+00:00
1616.9,2021-11-22T23:43:43.571+00:00
1609.6,2021-11-22T23:47:43.501+00:00
1612.3,2021-11-22T23:51:43.579+00:00
1622.8,2021-11-22T23:55:43.583+00:00
1627.9,2021-11-22T23:59:43.487+00:00
1624.0,2021-11-23T00:03:43.508+00:00
1617.6,2021-11-23T00:07:43.503+00:00
1606.3,2021-11-23T00:11:43.556+00:00
1613.0,2021-11-23T00:15:43.47+00:00
1608.3,2021-11-23T00:19:43.573+00:00
1608.0,2021-11-23T00:23:43.578+00:00
1580.7,2021-11-23T00:27:43.499+00:00
1595.8,2021-11-23T00:31:43.57+00:00
1627.4,2021-11-23T00:35:43.471+00:00
1620.4,2021-11-23T00:39:43.544+00:00
1616.1,2021-11-23T00:43:43.502+00:00
1618.8,2021-11-23T00:47:43.49+00:00
1622.0,2021-11-23T00:51:43.479+00:00
1626.3,2021-11-23T00:55:43.491+00:00
1630.0,2021-11-23T00:59:43.479+00:00
1626.2,2021-11-23T01:03:43.63+00:00
1611.4,2021-11-23T01:07:43.636+00:00
1599.6,2021-11-23T01:11:43.478+00:00
1614.0,2021-11-23T01:15:43.494+00:00
1605.9,2021-11-23T01:19:43.485+00:00
1608.5,2021-11-23T01:23:43.49+00:00
1604.5,2021-11-23T01:27:43.51+00:00
1591.8,2021-11-23T01:31:43.478+00:00
1582.1,2021-11-23T01:35:43.557+00:00
1564.2,2021-11-23T01:39:43.541+00:00
1557.7,2021-11-23T01:43:43.482+00:00
1558.8,2021-11-23T01:47:43.493+00:00
1573.4,2021-11-23T01:51:43.498+00:00
1557.4,2021-11-23T01:55:43.487+00:00
1580.4,2021-11-23T01:59:43.479+00:00
1577.6,2021-11-23T02:03:43.489+00:00
1576.0,2021-11-23T02:07:43.468+00:00
1573.5,2021-11-23T02:11:43.5+00:00
1583.1,2021-11-23T02:15:43.486+00:00
1589.2,2021-11-23T02:19:43.491+00:00
1579.4,2021-11-23T02:23:43.461+00:00
1587.7,2021-11-23T02:27:43.518+00:00
1609.4,2021-11-23T02:31:43.487+00:00
1580.5,2021-11-23T02:35:43.485+00:00
1577.9,2021-11-23T02:39:43.468+00:00
1581.6,2021-11-23T02:43:43.575+00:00
1592.1,2021-11-23T02:47:43.471+00:00
1583.1,2021-11-23T02:51:43.526+00:00
1576.5,2021-11-23T02:55:43.473+00:00
1588.0,2021-11-23T02:59:43.464+00:00
1583.3,2021-11-23T03:03:43.567+00:00
1572.6,2021-11-23T03:07:43.476+00:00
1577.6,2021-11-23T03:11:43.497+00:00
1588.1,2021-11-23T03:15:43.527+00:00
1589.9,2021-11-23T03:19:43.556+00:00
1604.2,2021-11-23T03:23:43.512+00:00
1600.4,2021-11-23T03:27:43.517+00:00
1602.5,2021-11-23T03:31:43.481+00:00
1606.7,2021-11-23T03:35:43.486+00:00
1616.5,2021-11-23T03:39:43.471+00:00
1610.7,2021-11-23T03:43:43.492+00:00
1624.5,2021-11-23T03:47:43.472+00:00
1639.0,2021-11-23T03:51:43.629+00:00
1623.9,2021-11-23T03:55:43.477+00:00
1614.8,2021-11-23T03:59:43.484+00:00
1610.6,2021-11-23T04:03:43.452+00:00
1626.3,2021-11-23T04:07:43.791+00:00
1639.1,2021-11-23T04:11:43.489+00:00
1633.5,2021-11-23T04:15:43.468+00:00
1630.8,2021-11-23T04:19:43.467+00:00
1642.4,2021-11-23T04:23:43.493+00:00
1648.3,2021-11-23T04:27:43.485+00:00
1645.3,2021-11-23T04:31:43.477+00:00
1635.2,2021-11-23T04:35:43.473+00:00
1637.7,2021-11-23T04:39:43.491+00:00
1635.1,2021-11-23T04:43:43.501+00:00
1649.6,2021-11-23T04:47:43.53+00:00
1655.9,2021-11-23T04:51:43.463+00:00
1657.5,2021-11-23T04:55:43.476+00:00
1648.0,2021-11-23T04:59:43.468+00:00
1642.3,2021-11-23T05:03:43.491+00:00
1657.2,2021-11-23T05:07:43.48+00:00
1650.2,2021-11-23T05:11:43.506+00:00
1658.3,2021-11-23T05:15:43.537+00:00
1653.2,2021-11-23T05:19:43.491+00:00
1660.0,2021-11-23T05:23:43.481+00:00
1664.3,2021-11-23T05:27:43.499+00:00
1657.2,2021-11-23T05:31:43.564+00:00
1664.7,2021-11-23T05:35:43.452+00:00
1672.6,2021-11-23T05:39:43.517+00:00
1693.1,2021-11-23T05:43:43.448+00:00
1683.5,2021-11-23T05:47:43.624+00:00
1684.0,2021-11-23T05:51:43.502+00:00
1663.6,2021-11-23T05:55:43.475+00:00
1660.8,2021-11-23T05:59:43.516+00:00
1710.7,2021-11-23T06:03:43.584+00:00
1741.7,2021-11-23T06:07:43.477+00:00
1696.9,2021-11-23T06:11:43.524+00:00
1602.8,2021-11-23T06:15:43.5+00:00
1537.1,2021-11-23T06:19:43.654+00:00
1582.9,2021-11-23T06:23:43.61+00:00
1658.0,2021-11-23T06:27:43.494+00:00
1691.2,2021-11-23T06:31:43.489+00:00
1670.3,2021-11-23T06:35:43.512+00:00
1650.7,2021-11-23T06:39:43.583+00:00
1642.0,2021-11-23T06:43:43.509+00:00
1679.8,2021-11-23T06:47:43.47+00:00
1685.8,2021-11-23T06:51:43.57+00:00
1665.2,2021-11-23T06:55:43.471+00:00
1668.2,2021-11-23T06:59:43.501+00:00
1679.3,2021-11-23T07:03:43.484+00:00
1688.8,2021-11-23T07:07:43.483+00:00
1691.0,2021-11-23T07:11:43.493+00:00
1685.8,2021-11-23T07:15:43.483+00:00
1687.2,2021-11-23T07:19:43.492+00:00
1677.2,2021-11-23T07:23:43.583+00:00
1667.0,2021-11-23T07:27:43.534+00:00
1657.4,2021-11-23T07:31:43.531+00:00
1648.2,2021-11-23T07:35:43.61+00:00
1658.8,2021-11-23T07:39:43.517+00:00
1661.0,2021-11-23T07:43:43.563+00:00
1668.3,2021-11-23T07:47:43.636+00:00
1662.1,2021-11-23T07:51:43.496+00:00
1676.0,2021-11-23T07:55:43.515+00:00
1674.8,2021-11-23T07:59:43.577+00:00
1690.4,2021-11-23T08:03:43.499+00:00
1692.7,2021-11-23T08:07:43.512+00:00
1686.2,2021-11-23T08:11:43.511+00:00
1679.3,2021-11-23T08:15:43.531+00:00
1677.4,2021-11-23T08:19:43.532+00:00
1684.7,2021-11-23T08:23:43.586+00:00
1676.6,2021-11-23T08:27:43.498+00:00
1671.0,2021-11-23T08:31:43.499+00:00
1659.2,2021-11-23T08:35:43.494+00:00
1657.9,2021-11-23T08:39:43.471+00:00
1655.5,2021-11-23T08:43:43.5+00:00
1679.2,2021-11-23T08:47:43.573+00:00
1663.9,2021-11-23T08:51:43.593+00:00
1689.4,2021-11-23T08:55:43.646+00:00
1678.7,2021-11-23T08:59:43.504+00:00
1677.9,2021-11-23T09:03:43.485+00:00
1669.8,2021-11-23T09:07:43.502+00:00
1661.8,2021-11-23T09:11:43.502+00:00
1669.9,2021-11-23T09:15:43.588+00:00
1676.2,2021-11-23T09:19:43.547+00:00
1686.4,2021-11-23T09:23:43.565+00:00
1666.9,2021-11-23T09:27:43.512+00:00
1656.7,2021-11-23T09:31:43.502+00:00
1652.9,2021-11-23T09:35:43.485+00:00
1661.9,2021-11-23T09:39:43.49+00:00
1660.6,2021-11-23T09:43:43.591+00:00
1659.1,2021-11-23T09:47:43.527+00:00
1647.0,2021-11-23T09:51:43.512+00:00
1646.0,2021-11-23T09:55:43.497+00:00
1646.1,2021-11-23T09:59:43.661+00:00
1653.4,2021-11-23T10:03:43.516+00:00
1649.9,2021-11-23T10:07:43.614+00:00
1655.0,2021-11-23T10:11:43.487+00:00
1658.7,2021-11-23T10:15:43.639+00:00
1656.0,2021-11-23T10:19:43.495+00:00
1641.7,2021-11-23T10:23:43.499+00:00
1663.3,2021-11-23T10:27:43.503+00:00
1672.9,2021-11-23T10:31:43.707+00:00
1674.8,2021-11-23T10:35:43.579+00:00
1673.3,2021-11-23T10:39:43.644+00:00
1669.6,2021-11-23T10:43:43.565+00:00
1661.4,2021-11-23T10:47:43.652+00:00
1658.3,2021-11-23T10:51:43.516+00:00
1658.1,2021-11-23T10:55:43.51+00:00
1658.7,2021-11-23T10:59:43.586+00:00
1666.5,2021-11-23T11:03:43.562+00:00
1671.2,2021-11-23T11:07:43.651+00:00
1683.4,2021-11-23T11:11:43.631+00:00
1667.4,2021-11-23T11:15:43.631+00:00
1645.6,2021-11-23T11:19:43.621+00:00
1639.6,2021-11-23T11:23:43.627+00:00
1658.6,2021-11-23T11:27:43.525+00:00
1659.4,2021-11-23T11:31:43.582+00:00
1659.6,2021-11-23T11:35:43.625+00:00
1648.9,2021-11-23T11:39:43.584+00:00
1649.6,2021-11-23T11:43:43.593+00:00
1665.2,2021-11-23T11:47:43.619+00:00
1672.9,2021-11-23T11:51:43.578+00:00
1669.1,2021-11-23T11:55:43.626+00:00
1673.8,2021-11-23T11:59:43.51+00:00
1680.8,2021-11-23T12:03:43.787+00:00
1675.5,2021-11-23T12:07:43.621+00:00
1666.8,2021-11-23T12:11:43.649+00:00
1661.0,2021-11-23T12:15:43.653+00:00
1681.3,2021-11-23T12:19:43.521+00:00
1692.3,2021-11-23T12:23:43.6+00:00
1684.9,2021-11-23T12:27:43.516+00:00
1680.5,2021-11-23T12:31:43.618+00:00
1677.4,2021-11-23T12:35:43.627+00:00
1682.8,2021-11-23T12:39:43.62+00:00
1672.3,2021-11-23T12:43:43.521+00:00
1675.9,2021-11-23T12:47:43.511+00:00
1681.4,2021-11-23T12:51:43.506+00:00
1675.2,2021-11-23T12:55:43.529+00:00
1661.3,2021-11-23T12:59:43.591+00:00
1663.5,2021-11-23T13:03:43.616+00:00
1659.8,2021-11-23T13:07:43.575+00:00
1657.4,2021-11-23T13:11:43.653+00:00
1669.4,2021-11-23T13:15:43.624+00:00
1675.7,2021-11-23T13:19:43.593+00:00
1658.9,2021-11-23T13:23:43.576+00:00
1654.5,2021-11-23T13:27:43.681+00:00
1649.7,2021-11-23T13:31:43.718+00:00
1667.5,2021-11-23T13:35:43.629+00:00
1669.0,2021-11-23T13:39:43.66+00:00
1658.8,2021-11-23T13:43:43.615+00:00
1660.1,2021-11-23T13:47:43.572+00:00
1672.0,2021-11-23T13:51:43.643+00:00
1671.4,2021-11-23T13:55:43.644+00:00
1667.1,2021-11-23T13:59:43.588+00:00
1661.7,2021-11-23T14:03:43.664+00:00
1663.6,2021-11-23T14:07:43.579+00:00
1670.9,2021-11-23T14:11:43.717+00:00
1676.7,2021-11-23T14:15:43.621+00:00
1659.6,2021-11-23T14:19:43.57+00:00
1665.1,2021-11-23T14:23:43.642+00:00
1667.1,2021-11-23T14:27:43.639+00:00
1675.8,2021-11-23T14:31:43.649+00:00
1672.5,2021-11-23T14:35:43.574+00:00
1664.3,2021-11-23T14:39:43.603+00:00
1672.4,2021-11-23T14:43:43.64+00:00
1663.4,2021-11-23T14:47:43.62+00:00
1654.1,2021-11-23T14:51:43.721+00:00
1666.1,2021-11-23T14:55:43.588+00:00
1665.2,2021-11-23T14:59:43.621+00:00
1668.6,2021-11-23T15:03:43.884+00:00
1672.8,2021-11-23T15:07:43.695+00:00
1670.3,2021-11-23T15:11:43.667+00:00
1676.9,2021-11-23T15:15:43.755+00:00
1671.4,2021-11-23T15:19:43.574+00:00
1659.7,2021-11-23T15:23:43.709+00:00
1665.6,2021-11-23T15:27:43.619+00:00
1671.2,2021-11-23T15:31:43.59+00:00
1665.4,2021-11-23T15:35:43.79+00:00
1657.8,2021-11-23T15:39:43.603+00:00
1651.2,2021-11-23T15:43:43.632+00:00
1656.9,2021-11-23T15:47:43.861+00:00
1669.0,2021-11-23T15:51:43.754+00:00
1675.8,2021-11-23T15:55:43.567+00:00
1681.1,2021-11-23T15:59:43.624+00:00
1666.1,2021-11-23T16:03:43.654+00:00
1671.1,2021-11-23T16:07:43.682+00:00
1666.9,2021-11-23T16:11:43.701+00:00
1672.3,2021-11-23T16:15:43.737+00:00
1670.5,2021-11-23T16:19:43.63+00:00
1665.2,2021-11-23T16:23:43.617+00:00
1655.6,2021-11-23T16:27:43.628+00:00
1656.3,2021-11-23T16:31:43.659+00:00
1656.5,2021-11-23T16:35:43.645+00:00
1665.7,2021-11-23T16:39:43.883+00:00
1665.6,2021-11-23T16:43:43.606+00:00
1667.9,2021-11-23T16:47:43.715+00:00
1669.1,2021-11-23T16:51:43.633+00:00
1665.0,2021-11-23T16:55:43.585+00:00
1675.1,2021-11-23T16:59:43.67+00:00
1682.5,2021-11-23T17:03:43.64+00:00
1670.4,2021-11-23T17:07:43.638+00:00
1674.8,2021-11-23T17:11:43.662+00:00
1670.1,2021-11-23T17:15:43.53+00:00
1667.3,2021-11-23T17:19:43.688+00:00
1672.3,2021-11-23T17:23:43.644+00:00
1677.7,2021-11-23T17:27:43.591+00:00
1678.6,2021-11-23T17:31:43.622+00:00
1678.7,2021-11-23T17:35:43.765+00:00
1657.9,2021-11-23T17:39:43.704+00:00
1665.3,2021-11-23T17:43:43.785+00:00
1672.0,2021-11-23T17:47:43.714+00:00
1676.5,2021-11-23T17:51:43.607+00:00
1672.5,2021-11-23T17:55:43.993+00:00
1674.8,2021-11-23T17:59:43.702+00:00
1659.5,2021-11-23T18:03:43.794+00:00
1656.9,2021-11-23T18:07:43.764+00:00
1656.8,2021-11-23T18:11:43.713+00:00
1654.1,2021-11-23T18:15:43.647+00:00
1646.5,2021-11-23T18:19:43.672+00:00
1648.7,2021-11-23T18:23:43.697+00:00
1656.4,2021-11-23T18:27:43.626+00:00
1671.9,2021-11-23T18:31:43.693+00:00
1672.6,2021-11-23T18:35:43.594+00:00
1665.7,2021-11-23T18:39:43.691+00:00
1654.7,2021-11-23T18:43:43.637+00:00
1657.7,2021-11-23T18:47:43.64+00:00
1657.1,2021-11-23T18:51:43.702+00:00
1664.7,2021-11-23T18:55:43.631+00:00
1671.0,2021-11-23T18:59:43.84+00:00
1666.3,2021-11-23T19:03:43.661+00:00
1665.7,2021-11-23T19:07:44.077+00:00
1657.9,2021-11-23T19:11:43.63+00:00
1657.0,2021-11-23T19:15:43.605+00:00
1660.2,2021-11-23T19:19:43.764+00:00
1664.2,2021-11-23T19:23:43.91+00:00
1663.1,2021-11-23T19:27:43.648+00:00
1653.7,2021-11-23T19:31:43.885+00:00
1660.5,2021-11-23T19:35:43.621+00:00
1657.6,2021-11-23T19:39:43.661+00:00
1654.3,2021-11-23T19:43:43.661+00:00
1648.7,2021-11-23T19:47:43.632+00:00
1645.1,2021-11-23T19:51:43.745+00:00
1652.5,2021-11-23T19:55:43.595+00:00
1658.5,2021-11-23T19:59:45.788+00:00
1652.4,2021-11-23T20:03:43.713+00:00
1655.1,2021-11-23T20:07:43.68+00:00
1661.4,2021-11-23T20:11:43.832+00:00
1665.3,2021-11-23T20:15:43.696+00:00
1656.1,2021-11-23T20:19:43.65+00:00
1644.1,2021-11-23T20:23:43.606+00:00
1646.8,2021-11-23T20:27:43.554+00:00
1653.3,2021-11-23T20:31:43.694+00:00
1645.6,2021-11-23T20:35:43.595+00:00
1649.8,2021-11-23T20:39:43.666+00:00
1649.7,2021-11-23T20:43:43.803+00:00
1635.5,2021-11-23T20:47:43.609+00:00
1627.2,2021-11-23T20:51:43.574+00:00
1633.4,2021-11-23T20:55:43.688+00:00
1637.4,2021-11-23T20:59:43.615+00:00
1645.7,2021-11-23T21:03:43.643+00:00
1645.8,2021-11-23T21:07:43.661+00:00
1642.2,2021-11-23T21:11:43.714+00:00
1651.2,2021-11-23T21:15:43.592+00:00
1645.6,2021-11-23T21:19:43.695+00:00
1649.5,2021-11-23T21:23:43.568+00:00
1649.2,2021-11-23T21:27:43.597+00:00
1643.9,2021-11-23T21:31:43.672+00:00
1647.7,2021-11-23T21:35:43.605+00:00
1648.3,2021-11-23T21:39:43.678+00:00
1652.6,2021-11-23T21:43:43.546+00:00
1653.9,2021-11-23T21:47:43.633+00:00
1645.7,2021-11-23T21:51:43.587+00:00
1639.9,2021-11-23T21:55:43.527+00:00
1640.1,2021-11-23T21:59:43.586+00:00
1633.9,2021-11-23T22:03:43.954+00:00
1643.9,2021-11-23T22:07:43.621+00:00
1651.1,2021-11-23T22:11:43.588+00:00
1652.7,2021-11-23T22:15:43.644+00:00
1632.7,2021-11-23T22:19:43.56+00:00
1621.1,2021-11-23T22:23:43.573+00:00
1625.7,2021-11-23T22:27:43.599+00:00
1628.2,2021-11-23T22:31:43.599+00:00
1631.7,2021-11-23T22:35:43.632+00:00
1634.1,2021-11-23T22:39:43.56+00:00
1631.0,2021-11-23T22:43:43.64+00:00
1634.6,2021-11-23T22:47:43.604+00:00
1632.3,2021-11-23T22:51:43.622+00:00
1649.1,2021-11-23T22:55:43.58+00:00
1642.8,2021-11-23T22:59:43.575+00:00
1641.6,2021-11-23T23:03:43.541+00:00
1641.3,2021-11-23T23:07:43.632+00:00
1648.7,2021-11-23T23:11:43.68+00:00
1654.5,2021-11-23T23:15:43.679+00:00
1649.1,2021-11-23T23:19:43.599+00:00
1632.8,2021-11-23T23:23:43.623+00:00
1636.2,2021-11-23T23:27:44.866+00:00
1648.4,2021-11-23T23:31:43.595+00:00
1642.5,2021-11-23T23:35:43.667+00:00
1636.6,2021-11-23T23:39:43.686+00:00
1633.4,2021-11-23T23:43:43.589+00:00
1633.0,2021-11-23T23:47:43.63+00:00
1634.0,2021-11-23T23:51:43.689+00:00
1625.9,2021-11-23T23:55:43.56+00:00
1634.3,2021-11-23T23:59:43.697+00:00
1628.8,2021-11-24T00:03:43.574+00:00
1628.9,2021-11-24T00:07:43.949+00:00
1623.5,2021-11-24T00:11:45.115+00:00
1624.3,2021-11-24T00:15:43.706+00:00
1616.7,2021-11-24T00:19:46.904+00:00
1618.1,2021-11-24T00:23:43.676+00:00
1618.2,2021-11-24T00:27:45.59+00:00
1614.1,2021-11-24T00:31:43.692+00:00
1608.5,2021-11-24T00:35:43.859+00:00
1610.5,2021-11-24T00:39:43.575+00:00
1626.7,2021-11-24T00:43:43.699+00:00
1613.9,2021-11-24T00:47:43.652+00:00
1608.5,2021-11-24T00:51:43.574+00:00
1614.7,2021-11-24T00:55:43.545+00:00
1598.4,2021-11-24T00:59:48.81+00:00
1574.2,2021-11-24T01:03:43.845+00:00
1550.4,2021-11-24T01:07:43.606+00:00
1563.3,2021-11-24T01:11:43.618+00:00
1583.1,2021-11-24T01:15:46.669+00:00
1594.0,2021-11-24T01:19:43.684+00:00
1603.1,2021-11-24T01:23:43.602+00:00
1600.4,2021-11-24T01:27:46.745+00:00
1598.7,2021-11-24T01:31:43.636+00:00
1603.3,2021-11-24T01:35:43.661+00:00
1599.0,2021-11-24T01:39:43.665+00:00
1598.1,2021-11-24T01:43:43.584+00:00
1595.2,2021-11-24T01:47:43.768+00:00
1575.0,2021-11-24T01:51:43.658+00:00
1568.2,2021-11-24T01:55:43.576+00:00
1574.5,2021-11-24T01:59:43.549+00:00
1576.4,2021-11-24T02:03:43.747+00:00
1555.7,2021-11-24T02:07:43.663+00:00
1546.5,2021-11-24T02:11:43.546+00:00
1554.1,2021-11-24T02:15:49.611+00:00
1583.4,2021-11-24T02:19:43.557+00:00
1594.0,2021-11-24T02:23:43.671+00:00
1570.7,2021-11-24T02:27:43.672+00:00
1568.3,2021-11-24T02:31:52.783+00:00
1563.4,2021-11-24T02:35:43.579+00:00
1549.4,2021-11-24T02:39:43.73+00:00
1561.8,2021-11-24T02:43:43.615+00:00
1575.1,2021-11-24T02:47:43.584+00:00
1589.7,2021-11-24T02:51:43.775+00:00
1595.4,2021-11-24T02:55:43.784+00:00
1594.8,2021-11-24T02:59:43.676+00:00
1599.1,2021-11-24T03:03:43.672+00:00
1601.1,2021-11-24T03:07:43.87+00:00
1586.8,2021-11-24T03:11:43.537+00:00
1565.3,2021-11-24T03:15:43.594+00:00
1573.0,2021-11-24T03:19:43.565+00:00
1578.7,2021-11-24T03:23:43.579+00:00
1615.6,2021-11-24T03:27:43.671+00:00
1618.1,2021-11-24T03:31:43.679+00:00
1617.4,2021-11-24T03:35:43.846+00:00
1613.6,2021-11-24T03:39:43.571+00:00
1617.9,2021-11-24T03:43:43.575+00:00
1619.2,2021-11-24T03:47:43.582+00:00
1635.8,2021-11-24T03:51:43.689+00:00
1641.5,2021-11-24T03:55:43.547+00:00
1643.7,2021-11-24T03:59:43.575+00:00
1630.7,2021-11-24T04:03:43.581+00:00
1618.4,2021-11-24T04:07:43.686+00:00
1629.6,2021-11-24T04:11:43.592+00:00
1633.3,2021-11-24T04:15:43.625+00:00
1632.3,2021-11-24T04:19:43.573+00:00
1621.6,2021-11-24T04:23:43.677+00:00
1631.4,2021-11-24T04:27:43.593+00:00
1635.1,2021-11-24T04:31:43.587+00:00
1637.0,2021-11-24T04:35:43.58+00:00
1639.9,2021-11-24T04:39:43.642+00:00
1658.9,2021-11-24T04:43:43.592+00:00
1658.0,2021-11-24T04:47:43.633+00:00
1651.5,2021-11-24T04:51:43.626+00:00
1660.4,2021-11-24T04:55:43.695+00:00
1646.7,2021-11-24T04:59:43.578+00:00
1651.5,2021-11-24T05:03:43.589+00:00
1650.5,2021-11-24T05:07:43.638+00:00
1660.0,2021-11-24T05:11:43.608+00:00
1649.8,2021-11-24T05:15:43.649+00:00
1620.1,2021-11-24T05:19:43.601+00:00
1630.8,2021-11-24T05:23:43.629+00:00
1636.2,2021-11-24T05:27:43.611+00:00
1651.4,2021-11-24T05:31:43.67+00:00
1660.4,2021-11-24T05:35:43.602+00:00
1660.8,2021-11-24T05:39:43.574+00:00
1641.4,2021-11-24T05:43:43.646+00:00
1629.5,2021-11-24T05:47:43.708+00:00
1632.7,2021-11-24T05:51:43.609+00:00
1665.6,2021-11-24T05:55:43.668+00:00
1687.7,2021-11-24T05:59:43.605+00:00
1687.1,2021-11-24T06:03:43.564+00:00
1680.9,2021-11-24T06:07:43.577+00:00
1677.3,2021-11-24T06:11:43.602+00:00
1672.1,2021-11-24T06:15:43.599+00:00
1682.1,2021-11-24T06:19:43.728+00:00
1658.5,2021-11-24T06:23:43.653+00:00
1647.7,2021-11-24T06:27:43.603+00:00
1648.7,2021-11-24T06:31:43.639+00:00
1669.3,2021-11-24T06:35:43.679+00:00
1664.7,2021-11-24T06:39:43.662+00:00
1651.8,2021-11-24T06:43:43.604+00:00
1660.9,2021-11-24T06:47:43.638+00:00
1673.1,2021-11-24T06:51:43.663+00:00
1668.5,2021-11-24T06:55:43.62+00:00
1668.9,2021-11-24T06:59:43.642+00:00
1651.4,2021-11-24T07:03:43.583+00:00
1650.7,2021-11-24T07:07:43.676+00:00
1668.9,2021-11-24T07:11:43.679+00:00
1668.4,2021-11-24T07:15:43.621+00:00
1661.7,2021-11-24T07:19:43.567+00:00
1657.1,2021-11-24T07:23:43.674+00:00
1659.6,2021-11-24T07:27:43.627+00:00
1650.2,2021-11-24T07:31:43.573+00:00
1656.2,2021-11-24T07:35:43.592+00:00
1663.6,2021-11-24T07:39:43.582+00:00
1660.3,2021-11-24T07:43:43.683+00:00
1666.9,2021-11-24T07:47:43.658+00:00
1672.2,2021-11-24T07:51:43.7+00:00
1672.2,2021-11-24T07:55:43.644+00:00
1670.7,2021-11-24T07:59:43.639+00:00
1669.2,2021-11-24T08:03:43.67+00:00
1663.2,2021-11-24T08:07:43.626+00:00
1680.8,2021-11-24T08:11:43.606+00:00
1673.6,2021-11-24T08:15:43.674+00:00
1667.7,2021-11-24T08:19:43.638+00:00
1659.1,2021-11-24T08:23:43.625+00:00
1665.2,2021-11-24T08:27:43.648+00:00
1661.1,2021-11-24T08:31:43.673+00:00
1652.2,2021-11-24T08:35:43.646+00:00
1644.7,2021-11-24T08:39:43.578+00:00
1648.2,2021-11-24T08:43:43.703+00:00
1650.6,2021-11-24T08:47:43.703+00:00
1663.9,2021-11-24T08:51:43.814+00:00
1658.7,2021-11-24T08:55:43.69+00:00
1666.2,2021-11-24T08:59:43.738+00:00
1667.2,2021-11-24T09:03:43.729+00:00
1661.0,2021-11-24T09:07:43.72+00:00
1661.4,2021-11-24T09:11:43.706+00:00
1654.6,2021-11-24T09:15:43.62+00:00
1658.4,2021-11-24T09:19:43.695+00:00
1661.1,2021-11-24T09:23:43.679+00:00
1650.7,2021-11-24T09:27:43.588+00:00
1656.2,2021-11-24T09:31:43.65+00:00
1646.5,2021-11-24T09:35:43.581+00:00
1671.4,2021-11-24T09:39:43.723+00:00
1676.6,2021-11-24T09:43:43.601+00:00
1666.7,2021-11-24T09:47:43.713+00:00
1673.6,2021-11-24T09:51:43.649+00:00
1655.7,2021-11-24T09:55:43.705+00:00
1688.8,2021-11-24T09:59:45.609+00:00
1687.3,2021-11-24T10:03:43.689+00:00
1655.8,2021-11-24T10:07:43.666+00:00
1670.4,2021-11-24T10:11:43.679+00:00
1671.5,2021-11-24T10:15:43.729+00:00
1655.7,2021-11-24T10:19:43.691+00:00
1658.5,2021-11-24T10:23:43.611+00:00
1670.5,2021-11-24T10:27:43.618+00:00
1668.5,2021-11-24T10:31:43.694+00:00
1672.7,2021-11-24T10:35:43.675+00:00
1685.3,2021-11-24T10:39:43.683+00:00
1704.6,2021-11-24T10:43:43.701+00:00
1694.0,2021-11-24T10:47:43.686+00:00
1706.3,2021-11-24T10:51:43.67+00:00
1702.8,2021-11-24T10:55:43.674+00:00
1692.5,2021-11-24T10:59:43.686+00:00
1670.4,2021-11-24T11:03:43.716+00:00
1647.0,2021-11-24T11:07:43.686+00:00
1650.2,2021-11-24T11:11:43.722+00:00
1652.5,2021-11-24T11:15:43.795+00:00
1667.2,2021-11-24T11:19:43.699+00:00
1662.9,2021-11-24T11:23:43.996+00:00
1667.8,2021-11-24T11:27:43.706+00:00
1664.6,2021-11-24T11:31:43.611+00:00
1668.2,2021-11-24T11:35:43.65+00:00
1658.9,2021-11-24T11:39:43.762+00:00
1664.5,2021-11-24T11:43:43.616+00:00
1665.1,2021-11-24T11:47:43.654+00:00
1672.4,2021-11-24T11:51:43.687+00:00
1672.4,2021-11-24T11:55:43.709+00:00
1669.2,2021-11-24T11:59:43.631+00:00
1666.5,2021-11-24T12:03:43.695+00:00
1666.8,2021-11-24T12:07:43.683+00:00
1686.3,2021-11-24T12:11:43.698+00:00
1698.9,2021-11-24T12:15:43.683+00:00
1684.1,2021-11-24T12:19:43.717+00:00
1677.4,2021-11-24T12:23:43.77+00:00
1672.2,2021-11-24T12:27:43.816+00:00
1677.6,2021-11-24T12:31:43.724+00:00
1678.3,2021-11-24T12:35:43.602+00:00
1688.6,2021-11-24T12:39:43.712+00:00
1679.2,2021-11-24T12:43:43.687+00:00
1677.0,2021-11-24T12:47:43.695+00:00
1672.8,2021-11-24T12:51:43.742+00:00
1672.5,2021-11-24T12:55:43.746+00:00
1663.4,2021-11-24T12:59:43.728+00:00
1653.7,2021-11-24T13:03:43.83+00:00
1658.5,2021-11-24T13:07:43.688+00:00
1668.4,2021-11-24T13:11:43.728+00:00
1671.1,2021-11-24T13:15:43.785+00:00
1668.1,2021-11-24T13:19:43.718+00:00
1656.5,2021-11-24T13:23:43.7+00:00
1660.9,2021-11-24T13:27:43.705+00:00
1669.5,2021-11-24T13:31:43.684+00:00
1672.4,2021-11-24T13:35:43.708+00:00
1672.7,2021-11-24T13:39:43.714+00:00
1670.5,2021-11-24T13:43:43.676+00:00
1672.4,2021-11-24T13:47:43.702+00:00
1657.4,2021-11-24T13:51:43.681+00:00
1634.0,2021-11-24T13:55:43.702+00:00
1654.8,2021-11-24T13:59:43.733+00:00
1674.5,2021-11-24T14:03:43.728+00:00
1672.8,2021-11-24T14:07:43.665+00:00
1709.7,2021-11-24T14:11:43.773+00:00
1699.7,2021-11-24T14:15:43.754+00:00
1685.4,2021-11-24T14:19:43.727+00:00
1663.0,2021-11-24T14:23:43.701+00:00
1661.8,2021-11-24T14:27:43.763+00:00
1659.8,2021-11-24T14:31:43.693+00:00
1670.5,2021-11-24T14:35:43.903+00:00
1676.6,2021-11-24T14:39:43.896+00:00
1677.5,2021-11-24T14:43:43.734+00:00
1678.0,2021-11-24T14:47:43.709+00:00
1662.0,2021-11-24T14:51:43.818+00:00
1663.6,2021-11-24T14:55:43.707+00:00
1676.7,2021-11-24T14:59:43.723+00:00
1688.0,2021-11-24T15:03:43.792+00:00
1681.3,2021-11-24T15:07:43.783+00:00
1676.1,2021-11-24T15:11:43.734+00:00
1660.4,2021-11-24T15:15:43.694+00:00
1664.7,2021-11-24T15:19:43.738+00:00
1673.7,2021-11-24T15:23:43.722+00:00
1669.7,2021-11-24T15:27:43.71+00:00
1671.8,2021-11-24T15:31:43.771+00:00
1670.2,2021-11-24T15:35:43.702+00:00
1679.7,2021-11-24T15:39:43.689+00:00
1686.4,2021-11-24T15:43:43.761+00:00
1680.0,2021-11-24T15:47:43.695+00:00
1677.4,2021-11-24T15:51:43.824+00:00
1671.7,2021-11-24T15:55:43.759+00:00
1675.9,2021-11-24T15:59:43.721+00:00
1668.1,2021-11-24T16:03:43.79+00:00
1672.6,2021-11-24T16:07:43.714+00:00
1679.4,2021-11-24T16:11:43.71+00:00
1681.7,2021-11-24T16:15:43.738+00:00
1672.5,2021-11-24T16:19:43.775+00:00
1652.9,2021-11-24T16:23:43.761+00:00
1657.4,2021-11-24T16:27:43.821+00:00
1650.1,2021-11-24T16:31:43.747+00:00
1677.0,2021-11-24T16:35:43.803+00:00
1675.7,2021-11-24T16:39:43.799+00:00
1681.7,2021-11-24T16:43:43.827+00:00
1671.4,2021-11-24T16:47:43.759+00:00
1670.3,2021-11-24T16:51:43.741+00:00
1677.1,2021-11-24T16:55:43.709+00:00
1684.6,2021-11-24T16:59:43.736+00:00
1676.7,2021-11-24T17:03:43.737+00:00
1674.8,2021-11-24T17:07:43.722+00:00
1681.3,2021-11-24T17:11:43.735+00:00
1675.1,2021-11-24T17:15:43.812+00:00
1665.9,2021-11-24T17:19:43.865+00:00
1667.2,2021-11-24T17:23:43.687+00:00
1677.9,2021-11-24T17:27:43.749+00:00
1689.1,2021-11-24T17:31:43.738+00:00
1672.5,2021-11-24T17:35:43.81+00:00
1676.5,2021-11-24T17:39:43.779+00:00
1667.4,2021-11-24T17:43:43.755+00:00
1670.8,2021-11-24T17:47:43.793+00:00
1676.8,2021-11-24T17:51:43.759+00:00
1685.7,2021-11-24T17:55:43.717+00:00
1668.0,2021-11-24T17:59:43.849+00:00
1673.2,2021-11-24T18:03:43.71+00:00
1664.2,2021-11-24T18:07:43.894+00:00
1657.7,2021-11-24T18:11:43.764+00:00
1658.3,2021-11-24T18:15:43.88+00:00
1670.7,2021-11-24T18:19:43.759+00:00
1674.5,2021-11-24T18:23:43.796+00:00
1675.7,2021-11-24T18:27:43.849+00:00
1679.7,2021-11-24T18:31:43.74+00:00
1687.4,2021-11-24T18:35:43.776+00:00
1691.5,2021-11-24T18:39:43.754+00:00
1674.4,2021-11-24T18:43:43.735+00:00
1667.0,2021-11-24T18:47:43.922+00:00
1662.3,2021-11-24T18:51:43.775+00:00
1665.6,2021-11-24T18:55:43.827+00:00
1665.1,2021-11-24T18:59:43.742+00:00
1665.0,2021-11-24T19:03:46.506+00:00
1679.8,2021-11-24T19:07:43.738+00:00
1678.2,2021-11-24T19:11:43.917+00:00
1678.8,2021-11-24T19:15:43.785+00:00
1668.8,2021-11-24T19:19:43.873+00:00
1667.8,2021-11-24T19:23:43.739+00:00
1665.5,2021-11-24T19:27:43.777+00:00
1661.0,2021-11-24T19:31:43.97+00:00
1660.0,2021-11-24T19:35:43.92+00:00
1664.0,2021-11-24T19:39:43.822+00:00
1669.9,2021-11-24T19:43:43.761+00:00
1658.8,2021-11-24T19:47:43.757+00:00
1647.0,2021-11-24T19:51:43.917+00:00
1654.8,2021-11-24T19:55:43.78+00:00
1661.9,2021-11-24T19:59:43.753+00:00
1661.1,2021-11-24T20:03:43.845+00:00
1653.2,2021-11-24T20:07:43.859+00:00
1655.4,2021-11-24T20:11:43.849+00:00
1662.9,2021-11-24T20:15:43.8+00:00
1662.0,2021-11-24T20:19:43.871+00:00
1659.3,2021-11-24T20:23:43.756+00:00
1659.2,2021-11-24T20:27:43.934+00:00
1650.9,2021-11-24T20:31:43.696+00:00
1650.2,2021-11-24T20:35:43.763+00:00
1648.8,2021-11-24T20:39:43.805+00:00
1661.1,2021-11-24T20:43:43.763+00:00
1664.2,2021-11-24T20:47:43.891+00:00
1659.5,2021-11-24T20:51:43.807+00:00
1668.6,2021-11-24T20:55:43.713+00:00
1667.3,2021-11-24T20:59:43.815+00:00
1663.5,2021-11-24T21:03:43.751+00:00
1659.4,2021-11-24T21:07:43.748+00:00
1649.8,2021-11-24T21:11:43.755+00:00
1646.6,2021-11-24T21:15:43.799+00:00
1657.6,2021-11-24T21:19:43.756+00:00
1671.7,2021-11-24T21:23:43.767+00:00
1664.8,2021-11-24T21:27:44.238+00:00
1659.5,2021-11-24T21:31:43.854+00:00
1652.3,2021-11-24T21:35:43.748+00:00
1643.5,2021-11-24T21:39:43.761+00:00
1642.6,2021-11-24T21:43:43.823+00:00
1644.7,2021-11-24T21:47:46.597+00:00
1647.1,2021-11-24T21:51:43.797+00:00
1650.1,2021-11-24T21:55:43.708+00:00
1652.3,2021-11-24T21:59:43.691+00:00
1644.2,2021-11-24T22:03:43.676+00:00
1647.6,2021-11-24T22:07:43.698+00:00
1648.9,2021-11-24T22:11:43.889+00:00
1655.9,2021-11-24T22:15:43.826+00:00
1658.4,2021-11-24T22:19:43.677+00:00
1662.3,2021-11-24T22:23:43.701+00:00
1645.8,2021-11-24T22:27:43.696+00:00
1644.3,2021-11-24T22:31:43.666+00:00
1647.2,2021-11-24T22:35:43.714+00:00
1651.2,2021-11-24T22:39:43.688+00:00
1644.4,2021-11-24T22:43:43.681+00:00
1633.7,2021-11-24T22:47:43.678+00:00
1632.5,2021-11-24T22:51:43.682+00:00
1639.5,2021-11-24T22:55:43.673+00:00
1646.2,2021-11-24T22:59:43.779+00:00
1647.0,2021-11-24T23:03:43.677+00:00
1649.7,2021-11-24T23:07:43.749+00:00
1653.2,2021-11-24T23:11:43.672+00:00
1656.5,2021-11-24T23:15:43.697+00:00
1651.3,2021-11-24T23:19:43.664+00:00
1652.7,2021-11-24T23:23:43.655+00:00
1643.2,2021-11-24T23:27:43.702+00:00
1644.2,2021-11-24T23:31:43.779+00:00
1640.0,2021-11-24T23:35:43.751+00:00
1647.6,2021-11-24T23:39:43.687+00:00
1659.9,2021-11-24T23:43:43.676+00:00
1654.8,2021-11-24T23:47:43.737+00:00
1650.5,2021-11-24T23:51:43.672+00:00
1640.1,2021-11-24T23:55:43.678+00:00
1637.2,2021-11-24T23:59:43.805+00:00
